Base,Tail Number,Min Quantity,Max Quantity,JETA Fuel Cost,Into Plane,Discount,County Fee,Federal Excise Tax JetA,FET Addon,Flow Fee,Jet Concession Fee,Jet Conc/AR FF Fee,M & O Fee,Misc,PAFCO Fuel Surcharge,PAFCO Truck Fee,Pipeline Fee,PPD Billed Freight,PPD Freight Surcharge,State and Local Taxes,State Clean Fee,STATE ENVIRON/OIL SPILL,State Fuel Tax,State Inspection Fee,State Oil Transfer/UST,Freight,US Federal Oil Spill,Sub Total ($),Tax Rate (%),Tax Amount ($),Total
ACY,,1,300,4.3529,4.1400,0.0000,,0.2180,0.0250,,0.0700,,,0.0400,0.0222,0.0529,0.0000,0.0125,,,,,,,,0.0010,0.0021,8.9366,6.6250,0.0000,8.9366
ACY,,301,1200,4.3529,3.8300,0.0000,,0.2180,0.0250,,0.0700,,,0.0400,0.0222,0.0529,0.0000,0.0125,,,,,,,,0.0010,0.0021,8.6266,6.6250,0.0000,8.6266
ACY,,1201,999999,4.3529,3.3200,0.0000,,0.2180,0.0250,,0.0700,,,0.0400,0.0222,0.0529,0.0000,0.0125,,,,,,,,0.0010,0.0021,8.1166,6.6250,0.0000,8.1166
AMA,,1,300,4.2985,2.3100,0.0000,,0.2180,0.0250,,0.0525,,,,0.0096,0.0231,0.0000,0.0000,,,,,,,,0.0010,0.0021,6.9398,0.0000,0.0000,6.9398
AMA,,301,1200,4.2985,2.2100,0.0000,,0.2180,0.0250,,0.0525,,,,0.0096,0.0231,0.0000,0.0000,,,,,,,,0.0010,0.0021,6.8398,0.0000,0.0000,6.8398
AMA,,1201,999999,4.2985,1.9600,0.0000,,0.2180,0.0250,,0.0525,,,,0.0096,0.0231,0.0000,0.0000,,,,,,,,0.0010,0.0021,6.5898,0.0000,0.0000,6.5898
ANC,,1,500,3.5227,1.2240,0.0000,,0.2180,0.0250,,0.0670,,,,0.0122,0.0350,0.0000,0.0000,,0.0320,,,,,,0.0010,0.0021,5.1390,0.0000,0.0000,5.1390
ANC,,501,1200,3.5227,1.2000,0.0000,,0.2180,0.0250,,0.0670,,,,0.0122,0.0350,0.0000,0.0000,,0.0320,,,,,,0.0010,0.0021,5.1150,0.0000,0.0000,5.1150
ANC,,1201,999999,3.5227,1.1750,0.0000,,0.2180,0.0250,,0.0670,,,,0.0122,0.0350,0.0000,0.0000,,0.0320,,,,,,0.0010,0.0021,5.0900,0.0000,0.0000,5.0900
AP3,,1,300,4.3480,0.7140,0.0000,,0.2180,0.0250,,0.0700,,,,0.0104,0.0250,0.0000,0.0000,,,,,0.0400,,,0.0010,0.0021,5.4535,4.1500,0.2259,5.6794
AP3,,301,1200,4.3480,0.7000,0.0000,,0.2180,0.0250,,0.0700,,,,0.0104,0.0250,0.0000,0.0000,,,,,0.0400,,,0.0010,0.0021,5.4395,4.1500,0.2253,5.6648
AP3,,1201,999999,4.3480,0.6850,0.0000,,0.2180,0.0250,,0.0700,,,,0.0104,0.0250,0.0000,0.0000,,,,,0.0400,,,0.0010,0.0021,5.4245,4.1500,0.2247,5.6492
APA,,1,300,4.4416,0.7140,0.0000,,0.2180,0.0250,,0.1000,,,,0.0156,0.0371,0.0000,0.0000,,,,,0.0400,,,0.0010,0.0021,5.5944,4.1500,0.2315,5.8259
APA,,301,1200,4.4416,0.7000,0.0000,,0.2180,0.0250,,0.1000,,,,0.0156,0.0371,0.0000,0.0000,,,,,0.0400,,,0.0010,0.0021,5.5804,4.1500,0.2309,5.8113
APA,,1201,999999,4.4416,0.6850,0.0000,,0.2180,0.0250,,0.1000,,,,0.0156,0.0371,0.0000,0.0000,,,,,0.0400,,,0.0010,0.0021,5.5654,4.1500,0.2303,5.7957
ATL,,1,300,3.5954,2.3800,,,0.2180,0.0250,,2.4398,,,,0.0000,0.0000,0.0521,0.0000,,,,,,,,0.0010,0.0021,8.7134,2.0000,0.1743,8.8877
ATL,,301,1200,3.5954,2.2800,,,0.2180,0.0250,,2.4009,,,,0.0000,0.0000,0.0521,0.0000,,,,,,,,0.0010,0.0021,8.5745,2.0000,0.1715,8.7460
ATL,,1201,999999,3.5954,2.1800,,,0.2180,0.0250,,2.3620,,,,0.0000,0.0000,0.0521,0.0000,,,,,,,,0.0010,0.0021,8.4356,2.0000,0.1687,8.6043
AUS,,1,300,3.5702,1.5180,0.0000,,0.2180,0.0250,,0.1000,,,0.0600,0.0103,0.0245,0.0000,0.0000,,,,,,,,0.0010,0.0021,5.5291,0.0000,0.0000,5.5291
AUS,,301,1200,3.5702,1.4880,0.0000,,0.2180,0.0250,,0.1000,,,0.0600,0.0103,0.0245,0.0000,0.0000,,,,,,,,0.0010,0.0021,5.4991,0.0000,0.0000,5.4991
AUS,,1201,999999,3.5702,1.4570,0.0000,,0.2180,0.0250,,0.1000,,,0.0600,0.0103,0.0245,0.0000,0.0000,,,,,,,,0.0010,0.0021,5.4681,0.0000,0.0000,5.4681
AVL,,1,300,3.7107,2.9300,0.0000,,0.2180,0.0250,,0.0500,,,,0.0273,0.0650,0.0445,0.0000,,,,,,0.0030,,0.0010,0.0021,7.0766,7.0000,0.4935,7.5701
AVL,,301,1200,3.7107,2.8710,0.0000,,0.2180,0.0250,,0.0500,,,,0.0273,0.0650,0.0445,0.0000,,,,,,0.0030,,0.0010,0.0021,7.0176,7.0000,0.4893,7.5069
AVL,,1201,999999,3.7107,2.8130,0.0000,,0.2180,0.0250,,0.0500,,,,0.0273,0.0650,0.0445,0.0000,,,,,,0.0030,,0.0010,0.0021,6.9596,7.0000,0.4853,7.4449
BCT,,1,500,3.8156,1.1330,,,0.2180,0.0250,,0.1953,,,,0.0120,0.0285,0.0000,0.0000,,,,0.0200,0.0427,,,0.0010,0.0021,5.4932,7.0000,0.0137,5.5069
BCT,,501,1200,3.8156,1.1100,,,0.2180,0.0250,,0.1953,,,,0.0120,0.0285,0.0000,0.0000,,,,0.0200,0.0427,,,0.0010,0.0021,5.4702,7.0000,0.0137,5.4839
BCT,,1201,999999,3.8156,1.0880,,,0.2180,0.0250,,0.1953,,,,0.0120,0.0285,0.0000,0.0000,,,,0.0200,0.0427,,,0.0010,0.0021,5.4482,7.0000,0.0137,5.4619
BDL,,1,300,4.1673,2.1850,0.0000,,0.2180,0.0000,0.0353,0.0800,,,,0.0000,0.0000,0.0320,0.0000,,,,,0.3502,,,0.0010,0.0021,7.0709,0.0000,0.0000,7.0709
BDL,,301,1200,4.1673,2.1410,0.0000,,0.2180,0.0000,0.0353,0.0800,,,,0.0000,0.0000,0.0320,0.0000,,,,,0.3502,,,0.0010,0.0021,7.0269,0.0000,0.0000,7.0269
BDL,,1201,999999,4.1673,2.0980,0.0000,,0.2180,0.0000,0.0353,0.0800,,,,0.0000,0.0000,0.0320,0.0000,,,,,0.3502,,,0.0010,0.0021,6.9839,0.0000,0.0000,6.9839
BED,,1,500,4.3364,1.6710,0.0000,,0.2180,0.0250,,0.2000,,,,0.0487,0.1160,0.0000,0.0000,,,,,0.2340,,0.0012,0.0010,0.0021,6.8534,0.0000,0.0000,6.8534
BED,,501,1200,4.3364,1.6380,0.0000,,0.2180,0.0250,,0.2000,,,,0.0487,0.1160,0.0000,0.0000,,,,,0.2340,,0.0012,0.0010,0.0021,6.8204,0.0000,0.0000,6.8204
BED,,1201,999999,4.3364,1.6040,0.0000,,0.2180,0.0250,,0.2000,,,,0.0487,0.1160,0.0000,0.0000,,,,,0.2340,,0.0012,0.0010,0.0021,6.7864,0.0000,0.0000,6.7864
BFI,,1,500,3.4914,0.9520,0.0000,,0.2180,0.0250,,0.0800,,,0.0271,0.0164,0.0391,0.0000,0.0000,,,,0.0098,0.1800,,,0.0010,0.0021,5.0419,10.2500,0.5141,5.5560
BFI,,501,1200,3.4914,0.9330,0.0000,,0.2180,0.0250,,0.0800,,,0.0271,0.0164,0.0391,0.0000,0.0000,,,,0.0098,0.1800,,,0.0010,0.0021,5.0229,10.2500,0.5122,5.5351
BFI,,1201,999999,3.4914,0.8200,0.0000,,0.2180,0.0250,,0.0800,,,0.0271,0.0164,0.0391,0.0000,0.0000,,,,0.0098,0.1800,,,0.0010,0.0021,4.9099,10.2500,0.5006,5.4105
BFM,,1,300,3.7084,4.0000,0.0000,,0.2180,0.0250,,0.0800,,,,0.0158,0.0264,0.0000,0.0000,,,,,0.0350,,0.0120,0.0010,0.0021,8.1237,10.0000,0.0000,8.1237
BFM,,301,1200,3.7084,3.9500,0.0000,,0.2180,0.0250,,0.0800,,,,0.0158,0.0264,0.0000,0.0000,,,,,0.0350,,0.0120,0.0010,0.0021,8.0737,10.0000,0.0000,8.0737
BFM,,1201,999999,3.7084,3.8500,0.0000,,0.2180,0.0250,,0.0800,,,,0.0158,0.0264,0.0000,0.0000,,,,,0.0350,,0.0120,0.0010,0.0021,7.9737,10.0000,0.0000,7.9737
BGI,,1,999999 ,4.7100,,0.0000,,,,,,,,,,,,,,,,,,,,,,4.7100,,0.0000,4.7100
BJC,,1,500,4.6234,2.1530,0.0000,,0.2180,0.0250,,0.1200,,,,0.0156,0.0371,0.0000,0.0000,,,,,0.0400,,,0.0010,0.0021,7.2352,4.4000,0.3177,7.5529
BJC,,501,1200,4.6234,1.9000,0.0000,,0.2180,0.0250,,0.1200,,,,0.0156,0.0371,0.0000,0.0000,,,,,0.0400,,,0.0010,0.0021,6.9822,4.4000,0.3065,7.2887
BJC,,1201,999999,4.6234,1.9000,0.0000,,0.2180,0.0250,,0.1200,,,,0.0156,0.0371,0.0000,0.0000,,,,,0.0400,,,0.0010,0.0021,6.9822,4.4000,0.3065,7.2887
BKL,,1,300,3.8308,2.8600,0.0000,,0.2180,0.0250,,0.1200,,,,0.0102,0.0244,0.0000,0.0000,,,,,,,0.0275,0.0010,0.0021,7.1190,8.0000,0.5687,7.6877
BKL,,301,1200,3.8308,2.7300,0.0000,,0.2180,0.0250,,0.1200,,,,0.0102,0.0244,0.0000,0.0000,,,,,,,0.0275,0.0010,0.0021,6.9890,8.0000,0.5583,7.5473
BKL,,1201,999999,3.8308,2.6000,0.0000,,0.2180,0.0250,,0.1200,,,,0.0102,0.0244,0.0000,0.0000,,,,,,,0.0275,0.0010,0.0021,6.8590,8.0000,0.5479,7.4069
BNA,,1,300,3.6027,2.3070,0.0000,,0.2180,,,0.0800,,,,0.0000,0.0000,0.1243,0.0000,,,,0.0040,0.0100,,,0.0010,0.0021,6.3491,4.2500,0.2698,6.6189
BNA,,301,1200,3.6027,2.2610,0.0000,,0.2180,,,0.0800,,,,0.0000,0.0000,0.1243,0.0000,,,,0.0040,0.0100,,,0.0010,0.0021,6.3031,4.2500,0.2679,6.5710
BNA,,1201,999999,3.6027,2.2150,0.0000,,0.2180,,,0.0800,,,,0.0000,0.0000,0.1243,0.0000,,,,0.0040,0.0100,,,0.0010,0.0021,6.2571,4.2500,0.2659,6.5230
BOS,,1,500,4.3242,4.7300,0.0000,,0.2180,0.0000,0.1450,0.2300,,,,0.0000,0.0000,0.0000,0.0000,,,,0.0020,0.2340,,,0.0010,0.0021,9.8863,0.0000,0.0000,9.8863
BOS,,501,1200,4.3242,4.7100,0.0000,,0.2180,0.0000,0.1450,0.2300,,,,0.0000,0.0000,0.0000,0.0000,,,,0.0020,0.2340,,,0.0010,0.0021,9.8663,0.0000,0.0000,9.8663
BOS,,1201,999999,4.3242,4.6200,0.0000,,0.2180,0.0000,0.1450,0.2300,,,,0.0000,0.0000,0.0000,0.0000,,,,0.0020,0.2340,,,0.0010,0.0021,9.7763,0.0000,0.0000,9.7763
BTR,,1,300,3.6710,1.2250,0.0000,,0.2180,0.0250,,0.1200,,,0.0080,0.0130,0.0310,0.0000,0.0000,,,,0.0010,,,,0.0010,0.0021,5.3151,4.4500,0.2359,5.5510
BTR,,301,1200,3.6710,1.2010,0.0000,,0.2180,0.0250,,0.1200,,,0.0080,0.0130,0.0310,0.0000,0.0000,,,,0.0010,,,,0.0010,0.0021,5.2911,4.4500,0.2349,5.5260
BTR,,1201,999999,3.6710,1.1200,0.0000,,0.2180,0.0250,,0.1200,,,0.0080,0.0130,0.0310,0.0000,0.0000,,,,0.0010,,,,0.0010,0.0021,5.2101,4.4500,0.2313,5.4414
BU1,,1,500,4.3714,3.1500,0.0000,,0.2180,0.0250,,0.0500,,0.0900,,0.0000,0.0000,0.0000,0.0000,,0.0700,,0.0033,,,,0.0010,0.0021,7.9808,4.0000,0.3192,8.3000
BU1,,501,1200,4.3714,2.8500,0.0000,,0.2180,0.0250,,0.0500,,0.0900,,0.0000,0.0000,0.0000,0.0000,,0.0700,,0.0033,,,,0.0010,0.0021,7.6808,4.0000,0.3072,7.9880
BU1,,1201,999999,4.3714,2.6000,0.0000,,0.2180,0.0250,,0.0500,,0.0900,,0.0000,0.0000,0.0000,0.0000,,0.0700,,0.0033,,,,0.0010,0.0021,7.4308,4.0000,0.2972,7.7280
BWI,,1,300,3.5330,3.8100,,,0.2180,,0.0205,0.8669,,,,0.0000,0.0000,0.0442,0.0000,,0.0700,,,,,0.0010,0.0010,0.0021,8.5667,0.0000,0.0000,8.5667
BWI,,301,1200,3.5330,3.7340,,,0.2180,,0.0205,0.8583,,,,0.0000,0.0000,0.0442,0.0000,,0.0700,,,,,0.0010,0.0010,0.0021,8.4821,0.0000,0.0000,8.4821
BWI,,1201,999999,3.5330,3.6400,,,0.2180,,0.0205,0.8477,,,,0.0000,0.0000,0.0442,0.0000,,0.0700,,,,,0.0010,0.0010,0.0021,8.3775,0.0000,0.0000,8.3775
BZN,,1,500,3.8101,1.5930,0.0000,,0.2180,0.0250,,0.0800,,,,0.1334,0.3175,0.0000,0.0000,,,,,0.0500,,0.0080,0.0010,0.0021,6.2381,0.0000,0.0000,6.2381
BZN,,501,1200,3.8101,1.5610,0.0000,,0.2180,0.0250,,0.0800,,,,0.1334,0.3175,0.0000,0.0000,,,,,0.0500,,0.0080,0.0010,0.0021,6.2061,0.0000,0.0000,6.2061
BZN,,1201,999999,3.8101,1.5290,0.0000,,0.2180,0.0250,,0.0800,,,,0.1334,0.3175,0.0000,0.0000,,,,,0.0500,,0.0080,0.0010,0.0021,6.1741,0.0000,0.0000,6.1741
CHO,,1,300,3.6712,3.3900,0.0000,,0.2180,0.0250,,0.0800,,,,0.0248,0.0590,0.0355,0.0000,,,,,0.0500,,,0.0010,0.0021,7.5566,5.3000,0.0000,7.5566
CHO,,301,1200,3.6712,3.3100,0.0000,,0.2180,0.0250,,0.0800,,,,0.0248,0.0590,0.0355,0.0000,,,,,0.0500,,,0.0010,0.0021,7.4766,5.3000,0.0000,7.4766
CHO,,1201,999999,3.6712,2.9900,0.0000,,0.2180,0.0250,,0.0800,,,,0.0248,0.0590,0.0355,0.0000,,,,,0.0500,,,0.0010,0.0021,7.1566,5.3000,0.0000,7.1566
CHS,,1,300,3.6769,0.9210,0.0000,,0.2180,0.0250,,0.0900,,,,0.0410,0.0975,0.0460,0.0000,,,,0.0050,,0.0030,,0.0010,0.0021,5.1265,9.0000,0.4577,5.5842
CHS,,301,1200,3.6769,0.9030,0.0000,,0.2180,0.0250,,0.0900,,,,0.0410,0.0975,0.0460,0.0000,,,,0.0050,,0.0030,,0.0010,0.0021,5.1085,9.0000,0.4561,5.5646
CHS,,1201,999999,3.6769,0.8840,0.0000,,0.2180,0.0250,,0.0900,,,,0.0410,0.0975,0.0460,0.0000,,,,0.0050,,0.0030,,0.0010,0.0021,5.0895,9.0000,0.4544,5.5439
CID,,1,300,3.7388,2.6750,0.0000,,0.2180,0.0250,,0.0500,,,,0.0135,0.0321,0.0000,0.0000,,,,,0.0500,,,0.0010,0.0021,6.8055,0.0000,0.0000,6.8055
CID,,301,1200,3.7388,2.6210,0.0000,,0.2180,0.0250,,0.0500,,,,0.0135,0.0321,0.0000,0.0000,,,,,0.0500,,,0.0010,0.0021,6.7515,0.0000,0.0000,6.7515
CID,,1201,999999,3.7388,2.0000,0.0000,,0.2180,0.0250,,0.0500,,,,0.0135,0.0321,0.0000,0.0000,,,,,0.0500,,,0.0010,0.0021,6.1305,0.0000,0.0000,6.1305
CMH,,1,300,3.6917,1.5600,0.0000,,0.2180,0.0250,,0.0750,,,,0.0092,0.0220,0.0000,0.0000,,,,,,,0.0275,0.0010,0.0021,5.6315,7.5000,0.4217,6.0532
CMH,,301,1200,3.6917,1.5290,0.0000,,0.2180,0.0250,,0.0750,,,,0.0092,0.0220,0.0000,0.0000,,,,,,,0.0275,0.0010,0.0021,5.6005,7.5000,0.4193,6.0198
CMH,,1201,999999,3.6917,1.4980,0.0000,,0.2180,0.0250,,0.0750,,,,0.0092,0.0220,0.0000,0.0000,,,,,,,0.0275,0.0010,0.0021,5.5695,7.5000,0.4170,5.9865
DA5,,1,500,3.5230,1.5000,,,0.2180,0.0250,,,,,,0.0097,0.0230,0.0000,0.0000,,,,,,,,0.0010,0.0021,5.3018,0.0000,0.0000,5.3018
DA5,,501,1200,3.5230,1.4700,,,0.2180,0.0250,,,,,,0.0097,0.0230,0.0000,0.0000,,,,,,,,0.0010,0.0021,5.2718,0.0000,0.0000,5.2718
DA5,,1201,999999,3.5230,1.3800,,,0.2180,0.0250,,,,,,0.0097,0.0230,0.0000,0.0000,,,,,,,,0.0010,0.0021,5.1818,0.0000,0.0000,5.1818
DAL2,,1,500,3.6421,1.1040,,,0.2180,0.0250,,,,,,0.0097,0.0230,0.0000,0.0000,,,,,,,,0.0010,0.0021,5.0249,0.0000,0.0000,5.0249
DAL2,,501,1200,3.6421,1.0820,,,0.2180,0.0250,,,,,,0.0097,0.0230,0.0000,0.0000,,,,,,,,0.0010,0.0021,5.0029,0.0000,0.0000,5.0029
DAL2,,1201,999999,3.6421,1.0600,,,0.2180,0.0250,,,,,,0.0097,0.0230,0.0000,0.0000,,,,,,,,0.0010,0.0021,4.9809,0.0000,0.0000,4.9809
DCA,,1,300,3.5816,4.0200,,,0.2180,0.0000,,1.2442,,,,0.0000,0.0000,0.0408,0.0000,,,,,,,,0.0010,0.0021,9.1077,0.0000,0.0000,9.1077
DCA,,301,1200,3.5816,3.9780,,,0.2180,0.0000,,1.2373,,,,0.0000,0.0000,0.0408,0.0000,,,,,,,,0.0010,0.0021,9.0588,0.0000,0.0000,9.0588
DCA,,1201,999999,3.5816,3.4400,,,0.2180,0.0000,,1.1498,,,,0.0000,0.0000,0.0408,0.0000,,,,,,,,0.0010,0.0021,8.4333,0.0000,0.0000,8.4333
DEN,,1,500,4.4081,4.1120,0.0000,,0.2180,0.0000,,0.3100,,,0.0400,0.0000,0.0000,0.0000,0.0000,,0.0400,,,,,,0.0010,0.0021,9.1312,3.9000,0.3561,9.4873
DEN,,501,1200,4.4081,4.0300,0.0000,,0.2180,0.0000,,0.3100,,,0.0400,0.0000,0.0000,0.0000,0.0000,,0.0400,,,,,,0.0010,0.0021,9.0492,3.9000,0.3529,9.4021
DEN,,1201,999999,4.4081,3.9480,0.0000,,0.2180,0.0000,,0.3100,,,0.0400,0.0000,0.0000,0.0000,0.0000,,0.0400,,,,,,0.0010,0.0021,8.9672,3.9000,0.3497,9.3169
DSM,,1,300,3.7001,2.2260,0.0000,,0.2180,0.0250,,0.1200,,0.0100,,0.0100,0.0237,0.0000,0.0000,,,,,0.0500,,,0.0010,0.0021,6.3859,0.0000,0.0000,6.3859
DSM,,301,1200,3.7001,2.1810,0.0000,,0.2180,0.0250,,0.1200,,0.0100,,0.0100,0.0237,0.0000,0.0000,,,,,0.0500,,,0.0010,0.0021,6.3409,0.0000,0.0000,6.3409
DSM,,1201,999999,3.7001,2.1370,0.0000,,0.2180,0.0250,,0.1200,,0.0100,,0.0100,0.0237,0.0000,0.0000,,,,,0.0500,,,0.0010,0.0021,6.2969,0.0000,0.0000,6.2969
DTW,,1,300,3.6531,3.5770,0.0000,,0.2180,0.0250,,0.0700,,,,0.0000,0.0000,0.0305,0.0000,,,,0.0090,0.0300,,,0.0010,0.0021,7.6157,12.0000,0.4569,8.0726
DTW,,301,1200,3.6531,3.5050,0.0000,,0.2180,0.0250,,0.0700,,,,0.0000,0.0000,0.0305,0.0000,,,,0.0090,0.0300,,,0.0010,0.0021,7.5437,12.0000,0.4526,7.9963
DTW,,1201,999999,3.6531,3.4340,0.0000,,0.2180,0.0250,,0.0700,,,,0.0000,0.0000,0.0305,0.0000,,,,0.0090,0.0300,,,0.0010,0.0021,7.4727,12.0000,0.4484,7.9211
EFD,,1,300,3.6037,2.2110,0.0000,,0.2180,0.0250,,0.0600,,,,0.0223,0.0530,0.0000,0.0000,,,,,,,,0.0010,0.0021,6.1961,0.0000,0.0000,6.1961
EFD,,301,1200,3.6037,1.8900,0.0000,,0.2180,0.0250,,0.0600,,,,0.0223,0.0530,0.0000,0.0000,,,,,,,,0.0010,0.0021,5.8751,0.0000,0.0000,5.8751
EFD,,1201,999999,3.6037,1.7000,0.0000,,0.2180,0.0250,,0.0600,,,,0.0223,0.0530,0.0000,0.0000,,,,,,,,0.0010,0.0021,5.6851,0.0000,0.0000,5.6851
EIS,,1,999999 ,6.5730,,0.0000,,,,,,,,,,,,,,,,,,,,,,6.5730,,0.0000,6.5730
EWR,,1,500,4.1106,4.3700,0.0000,,0.2180,0.0000,,0.2800,,,,0.0000,0.0000,0.0112,0.0000,,,,,0.0400,,,0.0010,0.0021,9.0329,0.0000,0.0000,9.0329
EWR,,501,1200,4.1106,4.2830,0.0000,,0.2180,0.0000,,0.2800,,,,0.0000,0.0000,0.0112,0.0000,,,,,0.0400,,,0.0010,0.0021,8.9459,0.0000,0.0000,8.9459
EWR,,1201,999999,4.1106,4.1950,0.0000,,0.2180,0.0000,,0.2800,,,,0.0000,0.0000,0.0112,0.0000,,,,,0.0400,,,0.0010,0.0021,8.8579,0.0000,0.0000,8.8579
EYW,,1,300,3.7801,3.9540,0.0000,,0.2180,0.0250,,0.0600,,,,0.0414,0.0986,0.0000,0.0046,,,,0.0210,0.0427,,,0.0010,0.0021,8.2485,7.5000,0.0000,8.2485
EYW,,301,1200,3.7801,3.8500,0.0000,,0.2180,0.0250,,0.0600,,,,0.0414,0.0986,0.0000,0.0046,,,,0.0210,0.0427,,,0.0010,0.0021,8.1445,7.5000,0.0000,8.1445
EYW,,1201,999999,3.7801,3.7300,0.0000,,0.2180,0.0250,,0.0600,,,,0.0414,0.0986,0.0000,0.0046,,,,0.0210,0.0427,,,0.0010,0.0021,8.0245,7.5000,0.0000,8.0245
F45,,1,999999 ,9.0360,,0.0000,,,,,,,,,,,,,,,,,,,,,,9.0360,,0.0000,9.0360
FAT,,1,300,3.4953,1.1630,0.0000,,0.2180,0.0250,,0.1000,,,,0.0425,0.1012,0.0067,0.0000,,0.0200,,,,,0.0200,0.0010,0.0021,5.1948,8.3500,0.4302,5.6250
FAT,,301,1200,3.4953,1.1400,0.0000,,0.2180,0.0250,,0.1000,,,,0.0425,0.1012,0.0067,0.0000,,0.0200,,,,,0.0200,0.0010,0.0021,5.1718,8.3500,0.4283,5.6001
FAT,,1201,999999,3.4953,1.1160,0.0000,,0.2180,0.0250,,0.1000,,,,0.0425,0.1012,0.0067,0.0000,,0.0200,,,,,0.0200,0.0010,0.0021,5.1478,8.3500,0.4263,5.5741
FAY,,1,300,3.6315,2.4650,0.0000,,0.2180,0.0250,,0.0600,,,,0.0332,0.0791,0.0473,0.0000,,,,,,0.0030,,0.0010,0.0021,6.5652,7.0000,0.4572,7.0224
FAY,,301,1200,3.6315,2.4160,0.0000,,0.2180,0.0250,,0.0600,,,,0.0332,0.0791,0.0473,0.0000,,,,,,0.0030,,0.0010,0.0021,6.5162,7.0000,0.4538,6.9700
FAY,,1201,999999,3.6315,2.3660,0.0000,,0.2180,0.0250,,0.0600,,,,0.0332,0.0791,0.0473,0.0000,,,,,,0.0030,,0.0010,0.0021,6.4662,7.0000,0.4503,6.9165
FDK,,1,300,3.6631,2.3200,0.0000,,0.2180,0.0250,,0.0920,,,,0.0271,0.0645,0.0372,0.0000,,0.0700,,,,,,0.0010,0.0021,6.5200,0.0000,0.0000,6.5200
FDK,,301,1200,3.6631,2.2740,0.0000,,0.2180,0.0250,,0.0920,,,,0.0271,0.0645,0.0372,0.0000,,0.0700,,,,,,0.0010,0.0021,6.4740,0.0000,0.0000,6.4740
FDK,,1201,999999,3.6631,2.2270,0.0000,,0.2180,0.0250,,0.0920,,,,0.0271,0.0645,0.0372,0.0000,,0.0700,,,,,,0.0010,0.0021,6.4270,0.0000,0.0000,6.4270
FLL,,1,500,3.6591,0.9700,0.0000,,0.2180,0.0250,,0.0600,,,0.1345,0.0000,0.0000,0.0160,0.0000,,,,0.0210,0.0427,,,0.0010,0.0021,5.1494,7.0000,0.0000,5.1494
FLL,,501,1200,3.6591,0.9510,0.0000,,0.2180,0.0250,,0.0600,,,0.1345,0.0000,0.0000,0.0160,0.0000,,,,0.0210,0.0427,,,0.0010,0.0021,5.1304,7.0000,0.0000,5.1304
FLL,,1201,999999,3.6591,0.9310,0.0000,,0.2180,0.0250,,0.0600,,,0.1345,0.0000,0.0000,0.0160,0.0000,,,,0.0210,0.0427,,,0.0010,0.0021,5.1104,7.0000,0.0000,5.1104
FSD,,1,300,4.3802,1.1520,0.0000,,0.2180,0.0250,,0.0400,,,0.0200,0.0292,0.0694,0.0000,0.0000,,,,,0.0400,,,0.0010,0.0021,5.9769,6.5000,0.0749,6.0518
FSD,,301,1200,4.3802,1.1290,0.0000,,0.2180,0.0250,,0.0400,,,0.0200,0.0292,0.0694,0.0000,0.0000,,,,,0.0400,,,0.0010,0.0021,5.9539,6.5000,0.0734,6.0273
FSD,,1201,999999,4.3802,1.1060,0.0000,,0.2180,0.0250,,0.0400,,,0.0200,0.0292,0.0694,0.0000,0.0000,,,,,0.0400,,,0.0010,0.0021,5.9309,6.5000,0.0719,6.0028
FSM,,1,300,4.3068,2.2100,0.0000,,0.2180,0.0250,,0.0800,,,,0.0262,0.0630,0.0000,0.0000,,,,0.0030,,,,0.0010,0.0021,6.9351,9.5000,0.6588,7.5939
FSM,,301,1200,4.3068,1.9600,0.0000,,0.2180,0.0250,,0.0800,,,,0.0262,0.0630,0.0000,0.0000,,,,0.0030,,,,0.0010,0.0021,6.6851,9.5000,0.6351,7.3202
FSM,,1201,999999,4.3068,1.7100,0.0000,,0.2180,0.0250,,0.0800,,,,0.0262,0.0630,0.0000,0.0000,,,,0.0030,,,,0.0010,0.0021,6.4351,9.5000,0.6113,7.0464
FTY,,1,300,3.5452,1.5550,0.0000,,0.2180,0.0250,,0.1000,,,,0.0130,0.0310,0.0478,0.0000,,,,,,,,0.0010,0.0021,5.5381,2.0000,0.1108,5.6489
FTY,,301,1200,3.5452,1.5240,0.0000,,0.2180,0.0250,,0.1000,,,,0.0130,0.0310,0.0478,0.0000,,,,,,,,0.0010,0.0021,5.5071,2.0000,0.1101,5.6172
FTY,,1201,999999,3.5452,1.4930,0.0000,,0.2180,0.0250,,0.1000,,,,0.0130,0.0310,0.0478,0.0000,,,,,,,,0.0010,0.0021,5.4761,2.0000,0.1095,5.5856
GEG,,1,300,3.4136,3.1500,0.0000,,0.2180,0.0250,,0.0650,,,0.0271,0.0578,0.1375,0.0000,0.0000,,0.0105,,0.0098,0.1800,,,0.0010,0.0021,7.2974,9.0000,0.6507,7.9481
GEG,,301,1200,3.4136,3.0900,0.0000,,0.2180,0.0250,,0.0650,,,0.0271,0.0578,0.1375,0.0000,0.0000,,0.0105,,0.0098,0.1800,,,0.0010,0.0021,7.2374,9.0000,0.6453,7.8827
GEG,,1201,999999,3.4136,2.7800,0.0000,,0.2180,0.0250,,0.0650,,,0.0271,0.0578,0.1375,0.0000,0.0000,,0.0105,,0.0098,0.1800,,,0.0010,0.0021,6.9274,9.0000,0.6174,7.5448
GND,,1,999999 ,6.6750,,0.0000,,,,,,,,,,,,,,,,,,,,,,6.6750,,0.0000,6.6750
GRR,,1,300,3.6759,1.5180,0.0000,,0.2180,0.0250,,0.0850,,,,0.0294,0.0700,0.0000,0.0000,,,,0.0090,0.0300,,,0.0010,0.0021,5.6634,6.0000,0.3380,6.0014
GRR,,301,1200,3.6759,1.4880,0.0000,,0.2180,0.0250,,0.0850,,,,0.0294,0.0700,0.0000,0.0000,,,,0.0090,0.0300,,,0.0010,0.0021,5.6334,6.0000,0.3362,5.9696
GRR,,1201,999999,3.6759,1.4570,0.0000,,0.2180,0.0250,,0.0850,,,,0.0294,0.0700,0.0000,0.0000,,,,0.0090,0.0300,,,0.0010,0.0021,5.6024,6.0000,0.3344,5.9368
GSO,,1,300,3.5917,1.4030,0.0000,,0.2180,0.0000,,0.0580,,,,0.0000,0.0000,0.0476,0.0000,,,,,,0.0030,,0.0010,0.0021,5.3244,7.0000,0.3727,5.6971
GSO,,301,1200,3.5917,1.3750,0.0000,,0.2180,0.0000,,0.0580,,,,0.0000,0.0000,0.0476,0.0000,,,,,,0.0030,,0.0010,0.0021,5.2964,7.0000,0.3707,5.6671
GSO,,1201,999999,3.5917,1.3470,0.0000,,0.2180,0.0000,,0.0580,,,,0.0000,0.0000,0.0476,0.0000,,,,,,0.0030,,0.0010,0.0021,5.2684,7.0000,0.3688,5.6372
HNL,,1,1999,3.1262,0.9950,0.0000,,0.2180,0.0000,,0.2600,,,0.1830,0.0518,,0.0060,0.0286,0.0125,0.0100,,,,,,0.0010,0.0021,4.8942,4.7120,0.2117,5.1059
HNL,,2000,2999,3.1262,0.9750,0.0000,,0.2180,0.0000,,0.2600,,,0.1830,0.0518,,0.0060,0.0286,0.0125,0.0100,,,,,,0.0010,0.0021,4.8742,4.7120,0.2107,5.0849
HNL,,3000,3999,3.1262,0.9550,0.0000,,0.2180,0.0000,,0.2600,,,0.1830,0.0518,,0.0060,0.0286,0.0125,0.0100,,,,,,0.0010,0.0021,4.8542,4.7120,0.2098,5.0640
HNL,,4000,4999,3.1262,0.9350,0.0000,,0.2180,0.0000,,0.2600,,,0.1830,0.0518,,0.0060,0.0286,0.0125,0.0100,,,,,,0.0010,0.0021,4.8342,4.7120,0.2088,5.0430
HNL,,5000,999999,3.1262,0.9150,0.0000,,0.2180,0.0000,,0.2600,,,0.1830,0.0518,,0.0060,0.0286,0.0125,0.0100,,,,,,0.0010,0.0021,4.8142,4.7120,0.2079,5.0221
HOU,,1,500,3.5789,0.9140,0.0000,,0.2180,0.0250,,0.0600,,,,0.0210,0.0500,0.0000,0.0000,,,,,,,,0.0010,0.0021,4.8700,0.0000,0.0000,4.8700
HOU,,501,1200,3.5789,0.8960,0.0000,,0.2180,0.0250,,0.0600,,,,0.0210,0.0500,0.0000,0.0000,,,,,,,,0.0010,0.0021,4.8520,0.0000,0.0000,4.8520
HOU,,1201,999999,3.5789,0.8770,0.0000,,0.2180,0.0250,,0.0600,,,,0.0210,0.0500,0.0000,0.0000,,,,,,,,0.0010,0.0021,4.8330,0.0000,0.0000,4.8330
HPN,,1,500,4.2936,1.2660,0.0000,,0.2180,0.0250,0.0350,0.1650,,,,0.0191,0.0455,0.0000,0.0215,,0.0700,,,,,,0.0010,0.0021,6.1618,4.3750,0.2696,6.4314
HPN,,501,1200,4.2936,1.2410,0.0000,,0.2180,0.0250,0.0350,0.1650,,,,0.0191,0.0455,0.0000,0.0215,,0.0700,,,,,,0.0010,0.0021,6.1368,4.3750,0.2685,6.4053
HPN,,1201,999999,4.2936,1.2150,0.0000,,0.2180,0.0250,0.0350,0.1650,,,,0.0191,0.0455,0.0000,0.0215,,0.0700,,,,,,0.0010,0.0021,6.1108,4.3750,0.2673,6.3781
HPN2,,1,500,4.2936,1.2660,0.0000,,0.2180,0.0250,0.0350,0.1650,,,,0.0191,0.0455,0.0000,0.0215,,0.0700,,,,,,0.0010,0.0021,6.1618,4.3750,0.2696,6.4314
HPN2,,501,1200,4.2936,1.2410,0.0000,,0.2180,0.0250,0.0350,0.1650,,,,0.0191,0.0455,0.0000,0.0215,,0.0700,,,,,,0.0010,0.0021,6.1368,4.3750,0.2685,6.4053
HPN2,,1201,999999,4.2936,1.2150,0.0000,,0.2180,0.0250,0.0350,0.1650,,,,0.0191,0.0455,0.0000,0.0215,,0.0700,,,,,,0.0010,0.0021,6.1108,4.3750,0.2673,6.3781
HSV,,1,300,3.5513,3.4710,0.0000,,0.2180,0.0250,,0.0700,,,,0.0277,0.0659,0.0441,0.0000,,,,,0.0350,,0.0100,0.0010,0.0021,7.5211,9.0000,0.0000,7.5211
HSV,,301,1200,3.5513,3.4020,0.0000,,0.2180,0.0250,,0.0700,,,,0.0277,0.0659,0.0441,0.0000,,,,,0.0350,,0.0100,0.0010,0.0021,7.4521,9.0000,0.0000,7.4521
HSV,,1201,999999,3.5513,3.3320,0.0000,,0.2180,0.0250,,0.0700,,,,0.0277,0.0659,0.0441,0.0000,,,,,0.0350,,0.0100,0.0010,0.0021,7.3821,9.0000,0.0000,7.3821
HXD,,1,300,3.6114,3.5700,,,0.2180,0.0250,,0.6624,,,,0.0514,0.1225,0.0460,0.0000,,,,0.0050,,0.0030,,0.0010,0.0021,8.3178,6.0000,0.4960,8.8138
HXD,,301,1200,3.6114,3.4300,,,0.2180,0.0250,,0.6498,,,,0.0514,0.1225,0.0460,0.0000,,,,0.0050,,0.0030,,0.0010,0.0021,8.1652,6.0000,0.4868,8.6520
HXD,,1201,999999,3.6114,3.2500,,,0.2180,0.0250,,0.6336,,,,0.0514,0.1225,0.0460,0.0000,,,,0.0050,,0.0030,,0.0010,0.0021,7.9690,6.0000,0.4751,8.4441
IAD,,1,500,3.5110,1.8430,,,0.2180,0.0250,,1.1314,,0.0500,,0.0000,0.0000,0.0426,0.0000,,,,,0.0500,,,0.0010,0.0021,6.8741,0.0000,0.0000,6.8741
IAD,,501,1200,3.5110,1.8060,,,0.2180,0.0250,,1.1238,,0.0500,,0.0000,0.0000,0.0426,0.0000,,,,,0.0500,,,0.0010,0.0021,6.8295,0.0000,0.0000,6.8295
IAD,,1201,999999,3.5110,1.7690,,,0.2180,0.0250,,1.1162,,0.0500,,0.0000,0.0000,0.0426,0.0000,,,,,0.0500,,,0.0010,0.0021,6.7849,0.0000,0.0000,6.7849
IAH,,1,500,3.6528,1.4040,0.0000,,0.2180,0.0250,,0.0600,,,,0.0260,0.0620,0.0000,0.0000,,,,,,,,0.0010,0.0021,5.4509,0.0000,0.0000,5.4509
IAH,,501,1200,3.6528,1.3760,0.0000,,0.2180,0.0250,,0.0600,,,,0.0260,0.0620,0.0000,0.0000,,,,,,,,0.0010,0.0021,5.4229,0.0000,0.0000,5.4229
IAH,,1201,999999,3.6528,1.3480,0.0000,,0.2180,0.0250,,0.0600,,,,0.0260,0.0620,0.0000,0.0000,,,,,,,,0.0010,0.0021,5.3949,0.0000,0.0000,5.3949
IAMC,,1,999999 ,0.0000,0.0000,,0.0000,0.0000,0.0000,0.0000,0.0000,0.0000,0.0000,0.0000,0.0000,0.0000,0.0000,0.0000,0.0000,0.0000,0.0000,0.0000,0.0000,0.0000,0.0000,0.0000,0.0000,0.0000,,0.0000,0.0000
ICT,,1,300,4.2739,0.7940,0.0000,,0.2180,0.0250,,0.1200,,,,0.0000,0.0000,0.0000,0.0000,,,,,,,,0.0010,0.0021,5.4340,7.5000,0.4076,5.8416
ICT,,301,1200,4.2739,0.7780,0.0000,,0.2180,0.0250,,0.1200,,,,0.0000,0.0000,0.0000,0.0000,,,,,,,,0.0010,0.0021,5.4180,7.5000,0.4064,5.8244
ICT,,1201,999999,4.2739,0.7620,0.0000,,0.2180,0.0250,,0.1200,,,,0.0000,0.0000,0.0000,0.0000,,,,,,,,0.0010,0.0021,5.4020,7.5000,0.4052,5.8072
IFP,,1,300,3.4441,2.3400,0.0000,,0.2180,0.0250,,0.0500,,,,0.0525,0.1250,0.0505,0.0000,,0.0605,,,,,,0.0010,0.0021,6.3687,7.6000,0.0000,6.3687
IFP,,301,1200,3.4441,2.2700,0.0000,,0.2180,0.0250,,0.0500,,,,0.0525,0.1250,0.0505,0.0000,,0.0605,,,,,,0.0010,0.0021,6.2987,7.6000,0.0000,6.2987
IFP,,1201,999999,3.4441,1.9600,0.0000,,0.2180,0.0250,,0.0500,,,,0.0525,0.1250,0.0505,0.0000,,0.0605,,,,,,0.0010,0.0021,5.9887,7.6000,0.0000,5.9887
IND,,1,300,3.6054,1.7980,0.0000,,0.2180,0.0250,,0.0800,,,,0.0086,0.0205,0.0000,0.0000,,0.2000,,,,0.0100,,0.0010,0.0021,5.9686,0.0000,0.0000,5.9686
IND,,301,1200,3.6054,1.7620,0.0000,,0.2180,0.0250,,0.0800,,,,0.0086,0.0205,0.0000,0.0000,,0.2000,,,,0.0100,,0.0010,0.0021,5.9326,0.0000,0.0000,5.9326
IND,,1201,999999,3.6054,1.7260,0.0000,,0.2180,0.0250,,0.0800,,,,0.0086,0.0205,0.0000,0.0000,,0.2000,,,,0.0100,,0.0010,0.0021,5.8966,0.0000,0.0000,5.8966
INT,,1,300,3.6532,2.8490,0.0000,,0.2180,0.0250,,0.1000,,,,0.0145,0.0345,0.0473,0.0000,,,,,,0.0030,,0.0010,0.0021,6.9476,7.0000,0.4853,7.4329
INT,,301,1200,3.6532,2.6500,0.0000,,0.2180,0.0250,,0.1000,,,,0.0145,0.0345,0.0473,0.0000,,,,,,0.0030,,0.0010,0.0021,6.7486,7.0000,0.4714,7.2200
INT,,1201,999999,3.6532,2.1700,0.0000,,0.2180,0.0250,,0.1000,,,,0.0145,0.0345,0.0473,0.0000,,,,,,0.0030,,0.0010,0.0021,6.2686,7.0000,0.4378,6.7064
ISM,,1,300,3.7214,1.3710,0.0000,,0.2180,0.0250,,0.1080,,,,0.0176,0.0420,0.0000,0.0000,,,,0.0210,0.0427,,,0.0010,0.0021,5.5698,0.0000,0.0000,5.5698
ISM,,301,1200,3.7214,1.3440,0.0000,,0.2180,0.0250,,0.1080,,,,0.0176,0.0420,0.0000,0.0000,,,,0.0210,0.0427,,,0.0010,0.0021,5.5428,0.0000,0.0000,5.5428
ISM,,1201,999999,3.7214,1.1600,0.0000,,0.2180,0.0250,,0.1080,,,,0.0176,0.0420,0.0000,0.0000,,,,0.0210,0.0427,,,0.0010,0.0021,5.3588,0.0000,0.0000,5.3588
ITO,,1,1999,3.3861,0.9880,0.0000,,0.2180,0.0250,,0.2000,,,0.1830,0.0518,,0.0060,0.0286,0.0125,0.0100,,,,,,0.0010,0.0021,5.1121,4.7120,0.2323,5.3444
ITO,,2000,2999,3.3861,0.9680,0.0000,,0.2180,0.0250,,0.2000,,,0.1830,0.0518,,0.0060,0.0286,0.0125,0.0100,,,,,,0.0010,0.0021,5.0921,4.7120,0.2313,5.3234
ITO,,3000,3999,3.3861,0.9480,0.0000,,0.2180,0.0250,,0.2000,,,0.1830,0.0518,,0.0060,0.0286,0.0125,0.0100,,,,,,0.0010,0.0021,5.0721,4.7120,0.2304,5.3025
ITO,,4000,4999,3.3861,0.9290,0.0000,,0.2180,0.0250,,0.2000,,,0.1830,0.0518,,0.0060,0.0286,0.0125,0.0100,,,,,,0.0010,0.0021,5.0531,4.7120,0.2295,5.2826
ITO,,5000,999999,3.3861,0.9090,0.0000,,0.2180,0.0250,,0.2000,,,0.1830,0.0518,,0.0060,0.0286,0.0125,0.0100,,,,,,0.0010,0.0021,5.0331,4.7120,0.2285,5.2616
IXD,,1,300,4.3129,1.1940,0.0000,,0.2180,0.0250,,0.1000,,,,0.0092,0.0220,0.0000,0.0000,,,,,,,,0.0010,0.0021,5.8842,7.9750,0.4685,6.3527
IXD,,301,1200,4.3129,1.1700,0.0000,,0.2180,0.0250,,0.1000,,,,0.0092,0.0220,0.0000,0.0000,,,,,,,,0.0010,0.0021,5.8602,7.9750,0.4666,6.3268
IXD,,1201,999999,4.3129,1.1460,0.0000,,0.2180,0.0250,,0.1000,,,,0.0092,0.0220,0.0000,0.0000,,,,,,,,0.0010,0.0021,5.8362,7.9750,0.4647,6.3009
JAX,,1,300,3.7523,1.5140,0.0000,,0.2180,0.0250,,0.0840,,,,0.0128,0.0305,0.0170,0.0000,,,,0.0210,0.0427,,,0.0010,0.0021,5.7204,7.5000,0.0000,5.7204
JAX,,301,1200,3.7523,1.4840,0.0000,,0.2180,0.0250,,0.0840,,,,0.0128,0.0305,0.0170,0.0000,,,,0.0210,0.0427,,,0.0010,0.0021,5.6904,7.5000,0.0000,5.6904
JAX,,1201,999999,3.7523,1.4530,0.0000,,0.2180,0.0250,,0.0840,,,,0.0128,0.0305,0.0170,0.0000,,,,0.0210,0.0427,,,0.0010,0.0021,5.6594,7.5000,0.0000,5.6594
KIN,,1,999999 ,3.2740,,0.0000,,,,,,,,,,,,,,,,,,,,,,3.2740,,0.0000,3.2740
KOA,,1,1999,3.4404,1.0470,0.0000,,0.2180,0.0250,,0.2400,,,0.1830,0.0518,,0.0060,0.0286,0.0125,,,,0.0100,,,0.0010,0.0021,5.2654,4.7120,0.2395,5.5049
KOA,,2000,2999,3.4404,1.0260,0.0000,,0.2180,0.0250,,0.2400,,,0.1830,0.0518,,0.0060,0.0286,0.0125,,,,0.0100,,,0.0010,0.0021,5.2444,4.7120,0.2385,5.4829
KOA,,3000,3999,3.4404,1.0050,0.0000,,0.2180,0.0250,,0.2400,,,0.1830,0.0518,,0.0060,0.0286,0.0125,,,,0.0100,,,0.0010,0.0021,5.2234,4.7120,0.2375,5.4609
KOA,,4000,4999,3.4404,0.9840,0.0000,,0.2180,0.0250,,0.2400,,,0.1830,0.0518,,0.0060,0.0286,0.0125,,,,0.0100,,,0.0010,0.0021,5.2024,4.7120,0.2365,5.4389
KOA,,5000,999999,3.4404,0.9630,0.0000,,0.2180,0.0250,,0.2400,,,0.1830,0.0518,,0.0060,0.0286,0.0125,,,,0.0100,,,0.0010,0.0021,5.1814,4.7120,0.2355,5.4169
LAS,,1,500,3.4085,2.0540,0.0000,0.0200,0.2180,0.0250,,0.1000,,0.0560,0.1360,0.0000,0.0000,0.0458,0.0000,,0.0423,,,,,,0.0010,0.0021,6.1087,8.3750,0.0000,6.1087
LAS,,501,1200,3.4085,2.0130,0.0000,0.0200,0.2180,0.0250,,0.1000,,0.0560,0.1360,0.0000,0.0000,0.0458,0.0000,,0.0423,,,,,,0.0010,0.0021,6.0677,8.3750,0.0000,6.0677
LAS,,1201,999999,3.4085,1.9720,0.0000,0.0200,0.2180,0.0250,,0.1000,,0.0560,0.1360,0.0000,0.0000,0.0458,0.0000,,0.0423,,,,,,0.0010,0.0021,6.0267,8.3750,0.0000,6.0267
LAX,,1,500,3.4148,1.8540,0.0000,,0.2180,0.0250,,0.0300,,0.0600,0.0100,0.0000,0.0000,0.0000,0.0000,,,,,0.0200,,,0.0010,0.0021,5.6349,9.5000,0.5296,6.1645
LAX,,501,1200,3.4148,1.8170,0.0000,,0.2180,0.0250,,0.0300,,0.0600,0.0100,0.0000,0.0000,0.0000,0.0000,,,,,0.0200,,,0.0010,0.0021,5.5979,9.5000,0.5261,6.1240
LAX,,1201,999999,3.4148,1.7800,0.0000,,0.2180,0.0250,,0.0300,,0.0600,0.0100,0.0000,0.0000,0.0000,0.0000,,,,,0.0200,,,0.0010,0.0021,5.5609,9.5000,0.5226,6.0835
LEX,,1,300,3.5621,2.5000,0.0000,,0.2180,0.0250,,0.0800,,,,0.0223,0.0537,0.0000,0.0000,,,,,,,,0.0010,0.0021,6.4642,6.0000,0.3864,6.8506
LEX,,301,1200,3.5621,2.4500,0.0000,,0.2180,0.0250,,0.0800,,,,0.0223,0.0537,0.0000,0.0000,,,,,,,,0.0010,0.0021,6.4142,6.0000,0.3834,6.7976
LEX,,1201,999999,3.5621,2.1000,0.0000,,0.2180,0.0250,,0.0800,,,,0.0223,0.0537,0.0000,0.0000,,,,,,,,0.0010,0.0021,6.0642,6.0000,0.3624,6.4266
LFT,,1,300,3.6993,2.4250,0.0000,,0.2180,0.0250,,0.1000,,,0.0080,0.0202,0.0480,0.0000,0.0000,,,,0.0010,,,,0.0010,0.0021,6.5476,4.4500,0.2905,6.8381
LFT,,301,1200,3.6993,2.3760,0.0000,,0.2180,0.0250,,0.1000,,,0.0080,0.0202,0.0480,0.0000,0.0000,,,,0.0010,,,,0.0010,0.0021,6.4986,4.4500,0.2883,6.7869
LFT,,1201,999999,3.6993,2.3280,0.0000,,0.2180,0.0250,,0.1000,,,0.0080,0.0202,0.0480,0.0000,0.0000,,,,0.0010,,,,0.0010,0.0021,6.4506,4.4500,0.2862,6.7368
LGB,,1,300,3.4159,1.1640,0.0000,,0.2180,0.0250,,0.0600,,,0.0200,0.0081,0.0194,0.0000,0.0000,,0.0200,,,,,0.0200,0.0010,0.0021,4.9735,10.2500,0.5090,5.4825
LGB,,301,1200,3.4159,1.1400,0.0000,,0.2180,0.0250,,0.0600,,,0.0200,0.0081,0.0194,0.0000,0.0000,,0.0200,,,,,0.0200,0.0010,0.0021,4.9495,10.2500,0.5065,5.4560
LGB,,1201,999999,3.4159,1.1170,0.0000,,0.2180,0.0250,,0.0600,,,0.0200,0.0081,0.0194,0.0000,0.0000,,0.0200,,,,,0.0200,0.0010,0.0021,4.9265,10.2500,0.5041,5.4306
LIH,,1,1999,3.5144,1.1590,,,0.2180,0.0250,,0.0000,,,0.1830,0.0518,,0.0060,0.0286,0.0125,0.0100,,,,,,0.0010,0.0021,5.2114,4.7120,0.2369,5.4483
LIH,,2000,2999,3.5144,1.1360,,,0.2180,0.0250,,0.0000,,,0.1830,0.0518,,0.0060,0.0286,0.0125,0.0100,,,,,,0.0010,0.0021,5.1884,4.7120,0.2358,5.4242
LIH,,3000,3999,3.5144,1.1130,,,0.2180,0.0250,,0.0000,,,0.1830,0.0518,,0.0060,0.0286,0.0125,0.0100,,,,,,0.0010,0.0021,5.1654,4.7120,0.2348,5.4002
LIH,,4000,4999,3.5144,1.0890,,,0.2180,0.0250,,0.0000,,,0.1830,0.0518,,0.0060,0.0286,0.0125,0.0100,,,,,,0.0010,0.0021,5.1414,4.7120,0.2336,5.3750
LIH,,5000,999999,3.5144,1.0660,,,0.2180,0.0250,,0.0000,,,0.1830,0.0518,,0.0060,0.0286,0.0125,0.0100,,,,,,0.0010,0.0021,5.1184,4.7120,0.2325,5.3509
LIT,,1,300,3.6972,1.8500,0.0000,,0.2180,0.0250,,0.0800,,0.0050,,0.0000,0.0000,0.0000,0.0000,,,,0.0030,,,,0.0010,0.0021,5.8813,8.6250,0.5073,6.3886
LIT,,301,1200,3.6972,1.7000,0.0000,,0.2180,0.0250,,0.0800,,0.0050,,0.0000,0.0000,0.0000,0.0000,,,,0.0030,,,,0.0010,0.0021,5.7313,8.6250,0.4943,6.2256
LIT,,1201,999999,3.6972,1.5500,0.0000,,0.2180,0.0250,,0.0800,,0.0050,,0.0000,0.0000,0.0000,0.0000,,,,0.0030,,,,0.0010,0.0021,5.5813,8.6250,0.4814,6.0627
LRD,,1,300,3.7046,1.7920,0.0000,,0.2180,0.0250,,0.0600,,,,0.0258,0.0613,0.0000,0.0000,,,,,,,,0.0010,0.0021,5.8898,0.0000,0.0000,5.8898
LRD,,301,1200,3.7046,1.7560,0.0000,,0.2180,0.0250,,0.0600,,,,0.0258,0.0613,0.0000,0.0000,,,,,,,,0.0010,0.0021,5.8538,0.0000,0.0000,5.8538
LRD,,1201,999999,3.7046,1.7200,0.0000,,0.2180,0.0250,,0.0600,,,,0.0258,0.0613,0.0000,0.0000,,,,,,,,0.0010,0.0021,5.8178,0.0000,0.0000,5.8178
LUK,,1,300,3.6621,1.6500,0.0000,,0.2180,0.0250,,0.0600,,,,0.0000,0.0000,0.0000,0.0000,,,,,,,0.0275,0.0010,0.0021,5.6457,7.8000,0.4404,6.0861
LUK,,301,1200,3.6621,1.5000,0.0000,,0.2180,0.0250,,0.0600,,,,0.0000,0.0000,0.0000,0.0000,,,,,,,0.0275,0.0010,0.0021,5.4957,7.8000,0.4287,5.9244
LUK,,1201,999999,3.6621,0.7200,0.0000,,0.2180,0.0250,,0.0600,,,,0.0000,0.0000,0.0000,0.0000,,,,,,,0.0275,0.0010,0.0021,4.7157,7.8000,0.3678,5.0835
MAF,,1,300,3.6887,2.8980,0.0000,,0.2180,0.0250,,0.0400,,,,0.0794,0.1890,0.0000,0.0000,,,,,,,,0.0010,0.0021,7.1412,0.0000,0.0000,7.1412
MAF,,301,1200,3.6887,2.7500,0.0000,,0.2180,0.0250,,0.0400,,,,0.0794,0.1890,0.0000,0.0000,,,,,,,,0.0010,0.0021,6.9932,0.0000,0.0000,6.9932
MAF,,1201,999999,3.6887,2.2200,0.0000,,0.2180,0.0250,,0.0400,,,,0.0794,0.1890,0.0000,0.0000,,,,,,,,0.0010,0.0021,6.4632,0.0000,0.0000,6.4632
MBJ,,1,999999 ,5.9790,,0.0000,,,,,,,,,,,,,,,,,,,,,,5.9790,,0.0000,5.9790
MCI,,1,300,4.3165,2.7930,0.0000,,0.2180,0.0250,,0.0800,,,,0.0092,0.0220,0.0000,0.0000,,,,,,0.0010,0.0030,0.0010,0.0021,7.4708,6.2250,0.4645,7.9353
MCI,,301,1200,4.3165,2.7370,0.0000,,0.2180,0.0250,,0.0800,,,,0.0092,0.0220,0.0000,0.0000,,,,,,0.0010,0.0030,0.0010,0.0021,7.4148,6.2250,0.4610,7.8758
MCI,,1201,999999,4.3165,2.6810,0.0000,,0.2180,0.0250,,0.0800,,,,0.0092,0.0220,0.0000,0.0000,,,,,,0.0010,0.0030,0.0010,0.0021,7.3588,6.2250,0.4575,7.8163
MCO,,1,500,3.7371,1.6530,0.0000,,0.2180,0.0250,,0.0600,,,,0.0166,0.0395,0.0000,0.0000,,,,0.0210,0.0427,,,0.0010,0.0021,5.8160,6.5000,0.0000,5.8160
MCO,,501,1200,3.7371,1.6200,0.0000,,0.2180,0.0250,,0.0600,,,,0.0166,0.0395,0.0000,0.0000,,,,0.0210,0.0427,,,0.0010,0.0021,5.7830,6.5000,0.0000,5.7830
MCO,,1201,999999,3.7371,1.5870,0.0000,,0.2180,0.0250,,0.0600,,,,0.0166,0.0395,0.0000,0.0000,,,,0.0210,0.0427,,,0.0010,0.0021,5.7500,6.5000,0.0000,5.7500
MDW,,1,500,3.6743,1.7880,0.0000,,0.2180,0.0000,,0.1210,,,0.0950,0.0000,0.0000,0.1181,0.0000,,,,,0.0500,,,0.0010,0.0021,6.0675,8.5000,0.5157,6.5832
MDW,,501,1200,3.6743,1.7520,0.0000,,0.2180,0.0000,,0.1210,,,0.0950,0.0000,0.0000,0.1181,0.0000,,,,,0.0500,,,0.0010,0.0021,6.0315,8.5000,0.5127,6.5442
MDW,,1201,999999,3.6743,1.7160,0.0000,,0.2180,0.0000,,0.1210,,,0.0950,0.0000,0.0000,0.1181,0.0000,,,,,0.0500,,,0.0010,0.0021,5.9955,8.5000,0.5096,6.5051
MEM,,1,300,3.6199,1.7650,0.0000,,0.2180,0.0250,,0.0570,,,,0.0133,0.0316,0.0000,0.0000,,,,0.0040,0.0100,,,0.0010,0.0021,5.7469,4.2500,0.2437,5.9906
MEM,,301,1200,3.6199,1.7300,0.0000,,0.2180,0.0250,,0.0570,,,,0.0133,0.0316,0.0000,0.0000,,,,0.0040,0.0100,,,0.0010,0.0021,5.7119,4.2500,0.2422,5.9541
MEM,,1201,999999,3.6199,1.6940,0.0000,,0.2180,0.0250,,0.0570,,,,0.0133,0.0316,0.0000,0.0000,,,,0.0040,0.0100,,,0.0010,0.0021,5.6759,4.2500,0.2407,5.9166
MHT,,1,300,4.3864,2.9900,0.0000,,0.2180,0.0250,,0.0500,,,,0.0186,0.0442,0.0000,0.0008,,,,0.0010,0.0200,,0.0010,0.0010,0.0021,7.7581,0.0000,0.0000,7.7581
MHT,,301,1200,4.3864,2.8900,0.0000,,0.2180,0.0250,,0.0500,,,,0.0186,0.0442,0.0000,0.0008,,,,0.0010,0.0200,,0.0010,0.0010,0.0021,7.6581,0.0000,0.0000,7.6581
MHT,,1201,999999,4.3864,2.7700,0.0000,,0.2180,0.0250,,0.0500,,,,0.0186,0.0442,0.0000,0.0008,,,,0.0010,0.0200,,0.0010,0.0010,0.0021,7.5381,0.0000,0.0000,7.5381
MIA,,1,500,3.7608,4.2290,0.0000,,0.2180,0.0250,,0.1000,,,,0.0000,0.0000,0.0368,0.0000,,,,0.0210,0.0427,,,0.0010,0.0021,8.4364,7.0000,0.0000,8.4364
MIA,,501,1200,3.7608,4.1440,0.0000,,0.2180,0.0250,,0.1000,,,,0.0000,0.0000,0.0368,0.0000,,,,0.0210,0.0427,,,0.0010,0.0021,8.3514,7.0000,0.0000,8.3514
MIA,,1201,999999,3.7608,3.8700,0.0000,,0.2180,0.0250,,0.1000,,,,0.0000,0.0000,0.0368,0.0000,,,,0.0210,0.0427,,,0.0010,0.0021,8.0774,7.0000,0.0000,8.0774
MKC,,1,300,4.3167,1.5110,0.0000,,0.2180,0.0250,,0.0800,,,,0.0084,0.0200,0.0000,0.0000,,,,,,0.0010,0.0030,0.0010,0.0021,6.1862,6.2250,0.3846,6.5708
MKC,,301,1200,4.3167,1.4810,0.0000,,0.2180,0.0250,,0.0800,,,,0.0084,0.0200,0.0000,0.0000,,,,,,0.0010,0.0030,0.0010,0.0021,6.1562,6.2250,0.3827,6.5389
MKC,,1201,999999,4.3167,1.4510,0.0000,,0.2180,0.0250,,0.0800,,,,0.0084,0.0200,0.0000,0.0000,,,,,,0.0010,0.0030,0.0010,0.0021,6.1262,6.2250,0.3808,6.5070
MKE,,1,300,3.6161,1.6400,0.0000,,0.2180,0.0250,,0.0700,,,0.2242,0.0000,0.0000,0.0166,0.0000,,0.0600,,,,0.0200,,0.0010,0.0021,5.8930,0.0000,0.0000,5.8930
MKE,,301,1200,3.6161,1.3800,0.0000,,0.2180,0.0250,,0.0700,,,0.2242,0.0000,0.0000,0.0166,0.0000,,0.0600,,,,0.0200,,0.0010,0.0021,5.6330,0.0000,0.0000,5.6330
MKE,,1201,999999,3.6161,1.2600,0.0000,,0.2180,0.0250,,0.0700,,,0.2242,0.0000,0.0000,0.0166,0.0000,,0.0600,,,,0.0200,,0.0010,0.0021,5.5130,0.0000,0.0000,5.5130
MMU,,1,500,4.1509,1.9110,0.0000,,0.2180,0.0250,,0.3450,0.1250,,0.0200,,,,,,,,,0.0400,,,0.0010,0.0021,6.8380,0.0000,0.0000,6.8380
MMU,,501,1200,4.1509,1.7100,0.0000,,0.2180,0.0250,,0.3450,0.1250,,0.0200,,,,,,,,,0.0400,,,0.0010,0.0021,6.6370,0.0000,0.0000,6.6370
MMU,,1201,999999,4.1509,1.3400,0.0000,,0.2180,0.0250,,0.3450,0.1250,,0.0200,,,,,,,,,0.0400,,,0.0010,0.0021,6.2670,0.0000,0.0000,6.2670
MOB,,1,300,3.7040,3.6600,0.0000,,0.2180,0.0250,,0.0800,,,,0.0158,0.0264,0.0000,0.0000,,,,,0.0350,,0.0120,0.0010,0.0021,7.7793,10.0000,0.0000,7.7793
MOB,,301,1200,3.7040,3.5700,0.0000,,0.2180,0.0250,,0.0800,,,,0.0158,0.0264,0.0000,0.0000,,,,,0.0350,,0.0120,0.0010,0.0021,7.6893,10.0000,0.0000,7.6893
MOB,,1201,999999,3.7040,3.5100,0.0000,,0.2180,0.0250,,0.0800,,,,0.0158,0.0264,0.0000,0.0000,,,,,0.0350,,0.0120,0.0010,0.0021,7.6293,10.0000,0.0000,7.6293
MQS,,1,300,4.3802,3.5300,0.0000,,0.2180,0.0250,,0.0650,,,,0.0208,0.0495,0.0000,0.0125,,,,,0.0200,,,0.0010,0.0021,8.3241,6.0000,0.0000,8.3241
MQS,,301,1200,4.3802,3.2700,0.0000,,0.2180,0.0250,,0.0650,,,,0.0208,0.0495,0.0000,0.0125,,,,,0.0200,,,0.0010,0.0021,8.0641,6.0000,0.0000,8.0641
MQS,,1201,999999,4.3802,2.4500,0.0000,,0.2180,0.0250,,0.0650,,,,0.0208,0.0495,0.0000,0.0125,,,,,0.0200,,,0.0010,0.0021,7.2441,6.0000,0.0000,7.2441
MSP,,1,500,3.6217,4.9290,0.0000,,0.2180,0.0000,0.0210,0.1270,,0.0030,0.0070,0.0000,0.0000,0.0000,0.0000,,0.1500,,,,0.0010,,0.0010,0.0021,9.0808,7.5250,0.0000,9.0808
MSP,,501,1200,3.6217,4.8300,0.0000,,0.2180,0.0000,0.0210,0.1270,,0.0030,0.0070,0.0000,0.0000,0.0000,0.0000,,0.1500,,,,0.0010,,0.0010,0.0021,8.9818,7.5250,0.0000,8.9818
MSP,,1201,999999,3.6217,4.7320,0.0000,,0.2180,0.0000,0.0210,0.1270,,0.0030,0.0070,0.0000,0.0000,0.0000,0.0000,,0.1500,,,,0.0010,,0.0010,0.0021,8.8838,7.5250,0.0000,8.8838
MSY,,1,300,3.6227,2.0660,0.0000,,0.2180,0.0250,,0.1000,,,0.0080,0.0138,0.0328,0.0082,0.0000,,,,,,0.0010,,0.0010,0.0021,6.0986,4.4500,0.2708,6.3694
MSY,,301,1200,3.6227,2.0100,0.0000,,0.2180,0.0250,,0.1000,,,0.0080,0.0138,0.0328,0.0082,0.0000,,,,,,0.0010,,0.0010,0.0021,6.0426,4.4500,0.2683,6.3109
MSY,,1201,999999,3.6227,1.7600,0.0000,,0.2180,0.0250,,0.1000,,,0.0080,0.0138,0.0328,0.0082,0.0000,,,,,,0.0010,,0.0010,0.0021,5.7926,4.4500,0.2572,6.0498
NEW,,1,300,3.6837,1.3830,0.0000,,0.2180,0.0250,,0.2500,,,0.0080,0.0138,0.0328,0.0082,0.0000,,,,0.0010,,,,0.0010,0.0021,5.6266,4.4500,0.2498,5.8764
NEW,,301,1200,3.6837,1.3550,0.0000,,0.2180,0.0250,,0.2500,,,0.0080,0.0138,0.0328,0.0082,0.0000,,,,0.0010,,,,0.0010,0.0021,5.5986,4.4500,0.2485,5.8471
NEW,,1201,999999,3.6837,1.1500,0.0000,,0.2180,0.0250,,0.2500,,,0.0080,0.0138,0.0328,0.0082,0.0000,,,,0.0010,,,,0.0010,0.0021,5.3936,4.4500,0.2394,5.6330
OAK,,1,300,3.6560,0.9390,0.0000,,0.2180,0.0250,,0.2100,,,,0.0167,0.0398,0.0067,0.0000,,,,,0.0200,,,0.0010,0.0021,5.1343,10.2500,0.5263,5.6606
OAK,,301,1200,3.6560,0.9200,0.0000,,0.2180,0.0250,,0.2100,,,,0.0167,0.0398,0.0067,0.0000,,,,,0.0200,,,0.0010,0.0021,5.1153,10.2500,0.5243,5.6396
OAK,,1201,999999,3.6560,0.9010,0.0000,,0.2180,0.0250,,0.2100,,,,0.0167,0.0398,0.0067,0.0000,,,,,0.0200,,,0.0010,0.0021,5.0963,10.2500,0.5224,5.6187
OCJ,,1,999999 ,6.3000,,0.0000,,,,,,,,,,,,,,,,,,,,,,6.3000,,0.0000,6.3000
OGG,,1,1999,3.3461,1.1900,0.0000,,0.2180,0.0250,,0.2400,,,0.1830,0.0518,0.0250,0.0060,0.0286,0.0125,0.0100,,,,,,0.0010,0.0021,5.3391,4.1660,0.2148,5.5539
OGG,,2000,2999,3.3461,1.1660,0.0000,,0.2180,0.0250,,0.2400,,,0.1830,0.0518,0.0250,0.0060,0.0286,0.0125,0.0100,,,,,,0.0010,0.0021,5.3151,4.1660,0.2138,5.5289
OGG,,3000,3999,3.3461,1.1420,0.0000,,0.2180,0.0250,,0.2400,,,0.1830,0.0518,0.0250,0.0060,0.0286,0.0125,0.0100,,,,,,0.0010,0.0021,5.2911,4.1660,0.2128,5.5039
OGG,,4000,4999,3.3461,1.1190,0.0000,,0.2180,0.0250,,0.2400,,,0.1830,0.0518,0.0250,0.0060,0.0286,0.0125,0.0100,,,,,,0.0010,0.0021,5.2681,4.1660,0.2118,5.4799
OGG,,5000,999999,3.3461,1.0950,0.0000,,0.2180,0.0250,,0.2400,,,0.1830,0.0518,0.0250,0.0060,0.0286,0.0125,0.0100,,,,,,0.0010,0.0021,5.2441,4.1660,0.2108,5.4549
OMA,,1,300,4.4363,1.3280,0.0000,,0.2180,0.0250,,0.0700,,,,0.0112,0.0267,0.0000,0.0000,,,,0.0030,0.0300,,,0.0010,0.0021,6.1513,7.0000,0.0000,6.1513
OMA,,301,1200,4.4363,1.3010,0.0000,,0.2180,0.0250,,0.0700,,,,0.0112,0.0267,0.0000,0.0000,,,,0.0030,0.0300,,,0.0010,0.0021,6.1243,7.0000,0.0000,6.1243
OMA,,1201,999999,4.4363,1.2750,0.0000,,0.2180,0.0250,,0.0700,,,,0.0112,0.0267,0.0000,0.0000,,,,0.0030,0.0300,,,0.0010,0.0021,6.0983,7.0000,0.0000,6.0983
OPF,,1,500,3.7357,0.8850,0.0000,,0.2180,0.0250,,0.1000,,,,0.0151,0.0359,0.0000,0.0000,,,,0.0210,0.0427,,,0.0010,0.0021,5.0815,7.0000,0.0000,5.0815
OPF,,501,1200,3.7357,0.8670,0.0000,,0.2180,0.0250,,0.1000,,,,0.0151,0.0359,0.0000,0.0000,,,,0.0210,0.0427,,,0.0010,0.0021,5.0635,7.0000,0.0000,5.0635
OPF,,1201,999999,3.7357,0.8500,0.0000,,0.2180,0.0250,,0.1000,,,,0.0151,0.0359,0.0000,0.0000,,,,0.0210,0.0427,,,0.0010,0.0021,5.0465,7.0000,0.0000,5.0465
ORD,,1,300,3.7983,4.5320,0.0000,0.0500,0.2180,0.0250,0.0399,0.0400,,,,0.0126,0.0300,0.0000,0.0000,,,,,,,,0.0010,0.0021,8.7489,8.5000,0.7437,9.4926
ORD,,301,1200,3.7983,4.4410,0.0000,0.0500,0.2180,0.0250,0.0399,0.0400,,,,0.0126,0.0300,0.0000,0.0000,,,,,,,,0.0010,0.0021,8.6579,8.5000,0.7359,9.3938
ORD,,1201,999999,3.7983,4.3510,0.0000,0.0500,0.2180,0.0250,0.0399,0.0400,,,,0.0126,0.0300,0.0000,0.0000,,,,,,,,0.0010,0.0021,8.5679,8.5000,0.7283,9.2962
ORF,,1,300,3.6819,2.8780,0.0000,,0.2180,0.0250,,0.0800,,,,0.0308,0.0217,0.0000,0.0000,,,,,0.0500,,,0.0010,0.0021,6.9885,6.0000,0.0000,6.9885
ORF,,301,1200,3.6819,2.8200,0.0000,,0.2180,0.0250,,0.0800,,,,0.0308,0.0217,0.0000,0.0000,,,,,0.0500,,,0.0010,0.0021,6.9305,6.0000,0.0000,6.9305
ORF,,1201,999999,3.6819,1.9500,0.0000,,0.2180,0.0250,,0.0800,,,,0.0308,0.0217,0.0000,0.0000,,,,,0.0500,,,0.0010,0.0021,6.0605,6.0000,0.0000,6.0605
PBI,,1,500,3.6800,1.2290,0.0000,,0.2180,0.0250,,0.0500,,,0.1300,0.0120,0.0285,0.0000,0.0000,,,,0.0210,0.0427,,,0.0010,0.0021,5.4393,7.0000,0.0000,5.4393
PBI,,501,1200,3.6800,1.2040,0.0000,,0.2180,0.0250,,0.0500,,,0.1300,0.0120,0.0285,0.0000,0.0000,,,,0.0210,0.0427,,,0.0010,0.0021,5.4143,7.0000,0.0000,5.4143
PBI,,1201,999999,3.6800,1.1800,0.0000,,0.2180,0.0250,,0.0500,,,0.1300,0.0120,0.0285,0.0000,0.0000,,,,0.0210,0.0427,,,0.0010,0.0021,5.3903,7.0000,0.0000,5.3903
PDK,,1,300,3.5288,1.7260,0.0000,,0.2180,0.0250,,0.1400,,,,0.0116,0.0275,0.0478,0.0000,,,,,,,,0.0010,0.0021,5.7278,1.0000,0.0572,5.7850
PDK,,301,1200,3.5288,1.6910,0.0000,,0.2180,0.0250,,0.1400,,,,0.0116,0.0275,0.0478,0.0000,,,,,,,,0.0010,0.0021,5.6928,1.0000,0.0568,5.7496
PDK,,1201,999999,3.5288,1.6570,0.0000,,0.2180,0.0250,,0.1400,,,,0.0116,0.0275,0.0478,0.0000,,,,,,,,0.0010,0.0021,5.6588,1.0000,0.0565,5.7153
PHK,,1,999999 ,8.4870,,0.0000,,,,,,,,,,,,,,,,,,,,,,8.4870,,0.0000,8.4870
PIE,,1,300,3.7044,1.5090,0.0000,,0.2180,0.0250,,0.0700,,,,0.0105,0.0250,0.0000,0.0013,,,,0.0210,0.0427,,,0.0010,0.0021,5.6300,7.0000,0.0000,5.6300
PIE,,301,1200,3.7044,1.4790,0.0000,,0.2180,0.0250,,0.0700,,,,0.0105,0.0250,0.0000,0.0013,,,,0.0210,0.0427,,,0.0010,0.0021,5.6000,7.0000,0.0000,5.6000
PIE,,1201,999999,3.7044,1.4490,0.0000,,0.2180,0.0250,,0.0700,,,,0.0105,0.0250,0.0000,0.0013,,,,0.0210,0.0427,,,0.0010,0.0021,5.5700,7.0000,0.0000,5.5700
PSP,,1,500,3.3972,2.0250,0.0000,,0.2180,0.0250,,0.0746,,,,0.0325,0.0773,0.0000,0.0000,,0.0200,,,,,,0.0010,0.0021,5.8727,9.2500,0.5432,6.4159
PSP,,501,1200,3.3972,1.9840,0.0000,,0.2180,0.0250,,0.0746,,,,0.0325,0.0773,0.0000,0.0000,,0.0200,,,,,,0.0010,0.0021,5.8317,9.2500,0.5394,6.3711
PSP,,1201,999999,3.3972,1.9440,0.0000,,0.2180,0.0250,,0.0746,,,,0.0325,0.0773,0.0000,0.0000,,0.0200,,,,,,0.0010,0.0021,5.7917,9.2500,0.5357,6.3274
PVU,,1,300,3.6147,1.9000,0.0000,,0.2180,0.0250,,0.0800,,,,0.0227,0.0547,0.0000,0.0000,,0.0900,,,,0.0065,,0.0010,0.0021,6.0147,0.0000,0.0000,6.0147
PVU,,301,1200,3.6147,1.7500,0.0000,,0.2180,0.0250,,0.0800,,,,0.0227,0.0547,0.0000,0.0000,,0.0900,,,,0.0065,,0.0010,0.0021,5.8647,0.0000,0.0000,5.8647
PVU,,1201,999999,3.6147,1.6500,0.0000,,0.2180,0.0250,,0.0800,,,,0.0227,0.0547,0.0000,0.0000,,0.0900,,,,0.0065,,0.0010,0.0021,5.7647,0.0000,0.0000,5.7647
PWK,,1,300,3.8088,1.4500,0.0000,,0.2180,0.0250,,0.2500,,,,0.0126,0.0300,0.0000,0.0000,,,,,,,,0.0010,0.0021,5.7975,8.2500,0.4773,6.2748
PWK,,301,1200,3.8088,1.4210,0.0000,,0.2180,0.0250,,0.2500,,,,0.0126,0.0300,0.0000,0.0000,,,,,,,,0.0010,0.0021,5.7685,8.2500,0.4749,6.2434
PWK,,1201,999999,3.8088,1.3920,0.0000,,0.2180,0.0250,,0.2500,,,,0.0126,0.0300,0.0000,0.0000,,,,,,,,0.0010,0.0021,5.7395,8.2500,0.4725,6.2120
RDU,,1,300,3.5931,1.4540,0.0000,,0.2180,0.0000,0.0200,0.1000,,,,0.0000,0.0000,0.0414,0.0000,,,,,,0.0030,,0.0010,0.0021,5.4326,7.0000,0.3803,5.8129
RDU,,301,1200,3.5931,1.4250,0.0000,,0.2180,0.0000,0.0200,0.1000,,,,0.0000,0.0000,0.0414,0.0000,,,,,,0.0030,,0.0010,0.0021,5.4036,7.0000,0.3783,5.7819
RDU,,1201,999999,3.5931,1.3000,0.0000,,0.2180,0.0000,0.0200,0.1000,,,,0.0000,0.0000,0.0414,0.0000,,,,,,0.0030,,0.0010,0.0021,5.2786,7.0000,0.3695,5.6481
ROA,,1,300,3.6587,3.0500,0.0000,,0.2180,0.0250,,0.0400,,,,0.0331,0.0789,0.0473,0.0000,,,,,0.0500,,,0.0010,0.0021,7.2041,5.3000,0.0000,7.2041
ROA,,301,1200,3.6587,2.9600,0.0000,,0.2180,0.0250,,0.0400,,,,0.0331,0.0789,0.0473,0.0000,,,,,0.0500,,,0.0010,0.0021,7.1141,5.3000,0.0000,7.1141
ROA,,1201,999999,3.6587,2.6500,0.0000,,0.2180,0.0250,,0.0400,,,,0.0331,0.0789,0.0473,0.0000,,,,,0.0500,,,0.0010,0.0021,6.8041,5.3000,0.0000,6.8041
RST,,1,300,3.6394,3.3030,0.0000,,0.2180,0.0250,,0.0500,,,,0.0226,0.0538,0.0292,0.0000,,0.1500,,,,0.0010,,0.0010,0.0021,7.4951,8.1250,0.0000,7.4951
RST,,301,1200,3.6394,3.2370,0.0000,,0.2180,0.0250,,0.0500,,,,0.0226,0.0538,0.0292,0.0000,,0.1500,,,,0.0010,,0.0010,0.0021,7.4291,8.1250,0.0000,7.4291
RST,,1201,999999,3.6394,3.1710,0.0000,,0.2180,0.0250,,0.0500,,,,0.0226,0.0538,0.0292,0.0000,,0.1500,,,,0.0010,,0.0010,0.0021,7.3631,8.1250,0.0000,7.3631
SAF,,1,300,4.5065,1.7300,0.0000,,0.2180,0.0250,,0.1000,,,,0.0180,0.0428,0.0000,0.0000,,,,,,,,0.0010,0.0021,6.6434,13.3000,0.3255,6.9689
SAF,,301,1200,4.5065,1.6500,0.0000,,0.2180,0.0250,,0.1000,,,,0.0180,0.0428,0.0000,0.0000,,,,,,,,0.0010,0.0021,6.5634,13.3000,0.3215,6.8849
SAF,,1201,999999,4.5065,1.5400,0.0000,,0.2180,0.0250,,0.1000,,,,0.0180,0.0428,0.0000,0.0000,,,,,,,,0.0010,0.0021,6.4534,13.3000,0.3160,6.7694
SAN,,1,500,3.4165,4.3240,0.0000,,0.2180,0.0250,,0.0500,,,0.1630,0.0000,0.0000,0.0485,0.0000,,0.0200,,,,,,0.0010,0.0021,8.2681,7.7500,0.6408,8.9089
SAN,,501,1200,3.4165,4.2380,0.0000,,0.2180,0.0250,,0.0500,,,0.1630,0.0000,0.0000,0.0485,0.0000,,0.0200,,,,,,0.0010,0.0021,8.1821,7.7500,0.6341,8.8162
SAN,,1201,999999,3.4165,4.1510,0.0000,,0.2180,0.0250,,0.0500,,,0.1630,0.0000,0.0000,0.0485,0.0000,,0.0200,,,,,,0.0010,0.0021,8.0951,7.7500,0.6274,8.7225
SAT,,1,300,3.6894,1.3070,0.0000,,0.2180,0.0250,,0.0750,,,,0.0083,0.0197,0.0000,0.0000,,,,,,,,0.0010,0.0021,5.3455,0.0000,0.0000,5.3455
SAT,,301,1200,3.6894,1.2810,0.0000,,0.2180,0.0250,,0.0750,,,,0.0083,0.0197,0.0000,0.0000,,,,,,,,0.0010,0.0021,5.3195,0.0000,0.0000,5.3195
SAT,,1201,999999,3.6894,1.2550,0.0000,,0.2180,0.0250,,0.0750,,,,0.0083,0.0197,0.0000,0.0000,,,,,,,,0.0010,0.0021,5.2935,0.0000,0.0000,5.2935
SAT2,,1,300,3.6894,1.3070,0.0000,,0.2180,0.0250,,0.0750,,,,0.0083,0.0197,0.0000,0.0000,,,,,,,,0.0010,0.0021,5.3455,0.0000,0.0000,5.3455
SAT2,,301,1200,3.6894,1.2810,0.0000,,0.2180,0.0250,,0.0750,,,,0.0083,0.0197,0.0000,0.0000,,,,,,,,0.0010,0.0021,5.3195,0.0000,0.0000,5.3195
SAT2,,1201,999999,3.6894,1.2550,0.0000,,0.2180,0.0250,,0.0750,,,,0.0083,0.0197,0.0000,0.0000,,,,,,,,0.0010,0.0021,5.2935,0.0000,0.0000,5.2935
SAV,,1,300,3.6628,1.6500,0.0000,,0.2180,0.0250,,0.0500,,,,0.0452,0.1075,0.0460,0.0000,,,,,,,,0.0010,0.0021,5.8076,1.0000,0.0576,5.8652
SAV,,301,1200,3.6628,1.6170,0.0000,,0.2180,0.0250,,0.0500,,,,0.0452,0.1075,0.0460,0.0000,,,,,,,,0.0010,0.0021,5.7746,1.0000,0.0573,5.8319
SAV,,1201,999999,3.6628,1.5840,0.0000,,0.2180,0.0250,,0.0500,,,,0.0452,0.1075,0.0460,0.0000,,,,,,,,0.0010,0.0021,5.7416,1.0000,0.0570,5.7986
SBA,,1,300,3.4102,2.0450,0.0000,,0.2180,0.0250,,0.0900,,,,0.0344,0.0820,0.0000,0.0000,,0.0200,,,,,,0.0010,0.0021,5.9277,17.5000,0.5187,6.4464
SBA,,301,1200,3.4102,2.0040,0.0000,,0.2180,0.0250,,0.0900,,,,0.0344,0.0820,0.0000,0.0000,,0.0200,,,,,,0.0010,0.0021,5.8867,17.5000,0.5151,6.4018
SBA,,1201,999999,3.4102,1.9630,0.0000,,0.2180,0.0250,,0.0900,,,,0.0344,0.0820,0.0000,0.0000,,0.0200,,,,,,0.0010,0.0021,5.8457,17.5000,0.5115,6.3572
SD1,,1,999999 ,3.2837,0.0000,,,0.2180,0.0250,,0.1000,,,,0.0135,0.0322,0.0505,0.0000,,0.0180,,,0.0336,,,0.0010,,3.7755,,0.0000,3.7755
SDL,,1,500,3.4084,1.9530,0.0000,,0.2180,0.0250,,0.1100,,,,0.0135,0.0322,0.0505,0.0000,,0.0516,,,,,,0.0010,0.0021,5.8653,8.0500,0.0000,5.8653
SDL,,501,1200,3.4084,1.9140,0.0000,,0.2180,0.0250,,0.1100,,,,0.0135,0.0322,0.0505,0.0000,,0.0516,,,,,,0.0010,0.0021,5.8263,8.0500,0.0000,5.8263
SDL,,1201,999999,3.4084,1.8750,0.0000,,0.2180,0.0250,,0.1100,,,,0.0135,0.0322,0.0505,0.0000,,0.0516,,,,,,0.0010,0.0021,5.7873,8.0500,0.0000,5.7873
SEA,,1,500,3.4964,2.5190,,,0.2180,0.0250,,0.0000,,,0.0271,0.0000,0.0000,0.1531,0.0000,,,,0.0098,0.1800,,,0.0010,0.0021,6.6315,10.1000,0.6688,7.3003
SEA,,501,1200,3.4964,2.4690,,,0.2180,0.0250,,0.0000,,,0.0271,0.0000,0.0000,0.1531,0.0000,,,,0.0098,0.1800,,,0.0010,0.0021,6.5815,10.1000,0.6637,7.2452
SEA,,1201,999999,3.4964,2.4180,,,0.2180,0.0250,,0.0000,,,0.0271,0.0000,0.0000,0.1531,0.0000,,,,0.0098,0.1800,,,0.0010,0.0021,6.5305,10.1000,0.6586,7.1891
SFO,,1,500,3.4127,0.9960,,,0.2180,0.0250,,1.7920,,,0.1600,0.0000,0.0000,0.0084,0.0000,,,,0.0020,0.0200,,,0.0010,0.0021,6.6372,9.3750,0.6221,7.2593
SFO,,501,1200,3.4127,0.9960,,,0.2180,0.0250,,1.7920,,,0.1600,0.0000,0.0000,0.0084,0.0000,,,,0.0020,0.0200,,,0.0010,0.0021,6.6372,9.3750,0.6221,7.2593
SFO,,1201,999999,3.4127,0.9960,,,0.2180,0.0250,,1.7920,,,0.1600,0.0000,0.0000,0.0084,0.0000,,,,0.0020,0.0200,,,0.0010,0.0021,6.6372,9.3750,0.6221,7.2593
SHV,,1,300,3.5630,2.4500,0.0000,,0.2180,0.0250,,0.0800,,,,0.0305,0.0736,0.0000,0.0000,,,,,,0.0013,,0.0010,0.0021,6.4445,4.4500,0.2854,6.7299
SHV,,301,1200,3.5630,2.3000,0.0000,,0.2180,0.0250,,0.0800,,,,0.0305,0.0736,0.0000,0.0000,,,,,,0.0013,,0.0010,0.0021,6.2945,4.4500,0.2787,6.5732
SHV,,1201,999999,3.5630,1.8500,0.0000,,0.2180,0.0250,,0.0800,,,,0.0305,0.0736,0.0000,0.0000,,,,,,0.0013,,0.0010,0.0021,5.8445,4.4500,0.2587,6.1032
SJC,,1,500,3.4150,2.1130,0.0000,,0.2180,0.0250,,0.2000,,,,0.0226,0.0376,0.0067,0.0000,,,,,0.0200,,,0.0010,0.0021,6.0610,9.3750,0.5661,6.6271
SJC,,501,1200,3.4150,2.0710,0.0000,,0.2180,0.0250,,0.2000,,,,0.0226,0.0376,0.0067,0.0000,,,,,0.0200,,,0.0010,0.0021,6.0190,9.3750,0.5622,6.5812
SJC,,1201,999999,3.4150,2.0290,0.0000,,0.2180,0.0250,,0.2000,,,,0.0226,0.0376,0.0067,0.0000,,,,,0.0200,,,0.0010,0.0021,5.9770,9.3750,0.5582,6.5352
SKB,,1,999999 ,7.5100,,0.0000,,,,,,,,,,,,,,,,,,,,,,7.5100,,0.0000,7.5100
SLC,,1,500,3.5647,2.8300,0.0000,,0.2180,0.0250,,0.0600,,,,0.0147,0.0355,0.0000,0.0000,,,,0.0065,0.0900,,,0.0010,0.0021,6.8475,0.0000,0.0000,6.8475
SLC,,501,1200,3.5647,2.8000,0.0000,,0.2180,0.0250,,0.0600,,,,0.0147,0.0355,0.0000,0.0000,,,,0.0065,0.0900,,,0.0010,0.0021,6.8175,0.0000,0.0000,6.8175
SLC,,1201,999999,3.5647,2.5500,0.0000,,0.2180,0.0250,,0.0600,,,,0.0147,0.0355,0.0000,0.0000,,,,0.0065,0.0900,,,0.0010,0.0021,6.5675,0.0000,0.0000,6.5675
STL,,1,500,3.6328,2.2400,0.0000,,0.2180,0.0250,,0.0700,,,,0.0120,0.0288,0.0000,0.0000,,,,,,0.0010,0.0030,0.0010,0.0021,6.2337,5.7250,0.3562,6.5899
STL,,501,1200,3.6328,2.1950,0.0000,,0.2180,0.0250,,0.0700,,,,0.0120,0.0288,0.0000,0.0000,,,,,,0.0010,0.0030,0.0010,0.0021,6.1887,5.7250,0.3536,6.5423
STL,,1201,999999,3.6328,2.1500,0.0000,,0.2180,0.0250,,0.0700,,,,0.0120,0.0288,0.0000,0.0000,,,,,,0.0010,0.0030,0.0010,0.0021,6.1437,5.7250,0.3510,6.4947
STP,,1,300,3.6364,1.7330,0.0000,,0.2180,0.0250,,0.1420,,,,0.0126,0.0299,0.0292,0.0000,,0.1500,,,,0.0010,,0.0010,0.0021,5.9802,7.8750,0.0000,5.9802
STP,,301,1200,3.6364,1.6980,0.0000,,0.2180,0.0250,,0.1420,,,,0.0126,0.0299,0.0292,0.0000,,0.1500,,,,0.0010,,0.0010,0.0021,5.9452,7.8750,0.0000,5.9452
STP,,1201,999999,3.6364,1.6640,0.0000,,0.2180,0.0250,,0.1420,,,,0.0126,0.0299,0.0292,0.0000,,0.1500,,,,0.0010,,0.0010,0.0021,5.9112,7.8750,0.0000,5.9112
STT,,1,999999 ,5.9500,,0.0000,,,,,,,,,,,,,,,,,,,,,,5.9500,,0.0000,5.9500
STT2,,1,999999 ,5.9500,,0.0000,,,,,,,,,,,,,,,,,,,,,,5.9500,,0.0000,5.9500
SU2,,1,500,4.0962,1.4000,0.0000,,0.2180,0.0250,0.0200,0.1548,,,,,0.0304,,,,,,0.0035,,0.0007,,0.0010,0.0021,5.9517,5.7250,0.3407,6.2924
SU2,,501,1200,4.0962,1.3500,0.0000,,0.2180,0.0250,0.0200,0.1548,,,,,0.0304,,,,,,0.0035,,0.0007,,0.0010,0.0021,5.9017,5.7250,0.3379,6.2396
SU2,,1201,999999,4.0962,0.8000,0.0000,,0.2180,0.0250,0.0200,0.1548,,,,,0.0304,,,,,,0.0035,,0.0007,,0.0010,0.0021,5.3517,5.7250,0.3064,5.6581
SWF,,1,300,4.3101,1.2310,0.0000,,0.2180,0.0250,,0.0700,,,,0.0239,0.0570,0.0000,0.0088,,0.0700,,,,,,0.0010,0.0021,6.0169,4.3750,0.2632,6.2801
SWF,,301,1200,4.3101,1.2060,0.0000,,0.2180,0.0250,,0.0700,,,,0.0239,0.0570,0.0000,0.0088,,0.0700,,,,,,0.0010,0.0021,5.9919,4.3750,0.2621,6.2540
SWF,,1201,999999,4.3101,1.1820,0.0000,,0.2180,0.0250,,0.0700,,,,0.0239,0.0570,0.0000,0.0088,,0.0700,,,,,,0.0010,0.0021,5.9679,4.3750,0.2611,6.2290
TEB,,1,500,4.3495,1.6640,0.0000,,0.2180,0.0250,,0.2200,,,,0.0107,0.0255,0.0000,0.0034,,,,,0.0600,,,0.0010,0.0021,6.5792,6.6250,0.0000,6.5792
TEB,,501,1200,4.3495,1.6310,0.0000,,0.2180,0.0250,,0.2200,,,,0.0107,0.0255,0.0000,0.0034,,,,,0.0600,,,0.0010,0.0021,6.5462,6.6250,0.0000,6.5462
TEB,,1201,999999,4.3495,1.5970,0.0000,,0.2180,0.0250,,0.2200,,,,0.0107,0.0255,0.0000,0.0034,,,,,0.0600,,,0.0010,0.0021,6.5122,6.6250,0.0000,6.5122
TEB2,,1,500,4.3495,1.6640,0.0000,,0.2180,0.0250,,0.2200,,,0.0610,0.0107,0.0255,0.0000,0.0034,,,,,,,,0.0010,0.0021,6.5802,6.6250,0.0000,6.5802
TEB2,,501,1200,4.3495,1.6310,0.0000,,0.2180,0.0250,,0.2200,,,0.0610,0.0107,0.0255,0.0000,0.0034,,,,,,,,0.0010,0.0021,6.5472,6.6250,0.0000,6.5472
TEB2,,1201,999999,4.3495,1.5970,0.0000,,0.2180,0.0250,,0.2200,,,0.0610,0.0107,0.0255,0.0000,0.0034,,,,,,,,0.0010,0.0021,6.5132,6.6250,0.0000,6.5132
TMB,,1,500,3.8222,1.4360,0.0000,,0.2180,0.0250,,0.1000,,,,0.0120,0.0285,0.0000,0.0000,,,,0.0210,0.0427,,,0.0010,0.0021,5.7085,7.0000,0.0000,5.7085
TMB,,501,1200,3.8222,1.4070,0.0000,,0.2180,0.0250,,0.1000,,,,0.0120,0.0285,0.0000,0.0000,,,,0.0210,0.0427,,,0.0010,0.0021,5.6795,7.0000,0.0000,5.6795
TMB,,1201,999999,3.8222,1.3790,0.0000,,0.2180,0.0250,,0.1000,,,,0.0120,0.0285,0.0000,0.0000,,,,0.0210,0.0427,,,0.0010,0.0021,5.6515,7.0000,0.0000,5.6515
TPA,,1,300,3.7781,1.4020,0.0000,,0.2180,0.0250,,0.0900,,,,0.0082,0.0195,0.0000,0.0000,,,,0.0210,0.0427,,,0.0010,0.0021,5.6076,7.5000,0.0000,5.6076
TPA,,301,1200,3.7781,1.3740,0.0000,,0.2180,0.0250,,0.0900,,,,0.0082,0.0195,0.0000,0.0000,,,,0.0210,0.0427,,,0.0010,0.0021,5.5796,7.5000,0.0000,5.5796
TPA,,1201,999999,3.7781,1.3460,0.0000,,0.2180,0.0250,,0.0900,,,,0.0082,0.0195,0.0000,0.0000,,,,0.0210,0.0427,,,0.0010,0.0021,5.5516,7.5000,0.0000,5.5516
TTN,,1,500,4.3122,2.3030,0.0000,,0.2180,0.0250,,0.0200,,,0.0400,0.0186,0.0442,0.0000,0.0059,,,,,0.0200,,,0.0010,0.0021,7.0100,6.6250,0.0000,7.0100
TTN,,501,1200,4.3122,2.2570,0.0000,,0.2180,0.0250,,0.0200,,,0.0400,0.0186,0.0442,0.0000,0.0059,,,,,0.0200,,,0.0010,0.0021,6.9640,6.6250,0.0000,6.9640
TTN,,1201,999999,4.3122,2.2110,0.0000,,0.2180,0.0250,,0.0200,,,0.0400,0.0186,0.0442,0.0000,0.0059,,,,,0.0200,,,0.0010,0.0021,6.9180,6.6250,0.0000,6.9180
TXK,,1,300,3.5271,2.1200,0.0000,,0.2180,0.0250,0.0100,0.0700,,,,0.0350,0.0843,0.0000,0.0000,,,,0.0030,,,,0.0010,0.0021,6.0955,10.2500,0.6248,6.7203
TXK,,301,1200,3.5271,1.9700,0.0000,,0.2180,0.0250,0.0100,0.0700,,,,0.0350,0.0843,0.0000,0.0000,,,,0.0030,,,,0.0010,0.0021,5.9455,10.2500,0.6094,6.5549
TXK,,1201,999999,3.5271,1.4200,0.0000,,0.2180,0.0250,0.0100,0.0700,,,,0.0350,0.0843,0.0000,0.0000,,,,0.0030,,,,0.0010,0.0021,5.3955,10.2500,0.5530,5.9485
TYS,,1,300,3.5869,2.6500,0.0000,,0.2180,0.0250,,0.0698,,,,0.0122,0.0295,0.0000,0.0000,,,,0.0040,,0.0100,,0.0010,0.0021,6.6085,14.0000,0.2803,6.8888
TYS,,301,1200,3.5869,2.2500,0.0000,,0.2180,0.0250,,0.0698,,,,0.0122,0.0295,0.0000,0.0000,,,,0.0040,,0.0100,,0.0010,0.0021,6.2085,14.0000,0.2633,6.4718
TYS,,1201,999999,3.5869,2.1000,0.0000,,0.2180,0.0250,,0.0698,,,,0.0122,0.0295,0.0000,0.0000,,,,0.0040,,0.0100,,0.0010,0.0021,6.0585,14.0000,0.2570,6.3155
UGN,,1,500,3.8362,1.9300,0.0000,,0.2180,0.0250,,0.1400,,,0.0000,0.0181,0.0432,0.0000,0.0024,,,,,,,,0.0010,0.0021,6.2160,8.2500,0.5128,6.7288
UGN,,501,1200,3.8362,1.8600,0.0000,,0.2180,0.0250,,0.1400,,,0.0000,0.0181,0.0432,0.0000,0.0024,,,,,,,,0.0010,0.0021,6.1460,8.2500,0.5070,6.6530
UGN,,1201,999999,3.8362,1.7600,0.0000,,0.2180,0.0250,,0.1400,,,0.0000,0.0181,0.0432,0.0000,0.0024,,,,,,,,0.0010,0.0021,6.0460,8.2500,0.4988,6.5448
UVF,,1,999999 ,4.9200,,0.0000,,,,,,,,,,,,,,,,,,,,,,4.9200,,0.0000,4.9200
VNY,,1,500,3.4282,0.9540,0.0000,,0.2180,0.0250,,0.1300,,,,0.0120,0.0287,0.0000,0.0000,,0.0200,,,,,0.0200,0.0010,0.0021,4.8390,9.5000,0.4597,5.2987
VNY,,501,1200,3.4282,0.9350,0.0000,,0.2180,0.0250,,0.1300,,,,0.0120,0.0287,0.0000,0.0000,,0.0200,,,,,0.0200,0.0010,0.0021,4.8200,9.5000,0.4579,5.2779
VNY,,1201,999999,3.4282,0.9160,0.0000,,0.2180,0.0250,,0.1300,,,,0.0120,0.0287,0.0000,0.0000,,0.0200,,,,,0.0200,0.0010,0.0021,4.8010,9.5000,0.4561,5.2571
